Title,Link,ID
APRENDER R츼PIDO LA TABLA PERI칍DICA | Tips y Trucos,https://www.youtube.com/watch?v=WnSS5mu28qs,WnSS5mu28qs
OBTENIENDO ACEITE ESENCIAL DE ROMERO,https://www.youtube.com/watch?v=TZ4nFjgGNac,TZ4nFjgGNac
QU칄 ES EL pH | Qu칤mica B치sica,https://www.youtube.com/watch?v=vIf54jqQmKU,vIf54jqQmKU
ESTRUCTURA DE LEWIS Y REGLA DEL OCTETO | Qu칤mica b치sica,https://www.youtube.com/watch?v=ttNWZ1cbs34,ttNWZ1cbs34
QUE ES UN ISOTOPO,https://www.youtube.com/watch?v=Ut5lncwhMvA,Ut5lncwhMvA
QU칄 ES UN 츼CIDO Y UNA BASE | Qu칤mica B치sica,https://www.youtube.com/watch?v=0wdDvNoxfb4,0wdDvNoxfb4
IDENTIFICAR TIPOS DE ENLACE | Qu칤mica B치sica,https://www.youtube.com/watch?v=seHyXV8NgnY,seHyXV8NgnY
HALLAR HIBRIDACIONES F츼CIL Y R츼PIDO,https://www.youtube.com/watch?v=ectaKaSl254,ectaKaSl254
TIPOS DE IS칍MEROS | Qu칤mica Org치nica,https://www.youtube.com/watch?v=fMllRfO7eII,fMllRfO7eII
DIFERENCIA ENTRE 츼TOMOS Y MOL칄CULAS | Qu칤mica B치sica,https://www.youtube.com/watch?v=C16kPTa75jc,C16kPTa75jc
VALORACI칍N 츼CIDO-BASE: EXPERIMENTAL,https://www.youtube.com/watch?v=Zps36BWNf5M,Zps36BWNf5M
PORCENTAJE MASA-VOLUMEN | Qu칤mica b치sica,https://www.youtube.com/watch?v=cP9lu7L31tg,cP9lu7L31tg
COMO APROBAR QUIMICA | TIPS Y CONSEJOS,https://www.youtube.com/watch?v=HsWZK-_0T3w,HsWZK-_0T3w
FUERZAS DE VAN DER WAALS | Qu칤mica B치sica,https://www.youtube.com/watch?v=Yh9gcKZszGQ,Yh9gcKZszGQ
GRUPOS FUNCIONALES Y PRIORIDADES | Nomenclatura Org치nica,https://www.youtube.com/watch?v=9JlqKaA6cJE,9JlqKaA6cJE
OBTENIENDO EXTRACTO DE MENTA,https://www.youtube.com/watch?v=3VV8GMcSaJw,3VV8GMcSaJw
ENLACE POR PUENTE DE HIDR칍GENO | Qu칤mica b치sica,https://www.youtube.com/watch?v=Jf7fCbpvAdY,Jf7fCbpvAdY
LEYES DE LOS GASES | Teor칤a de Gases,https://www.youtube.com/watch?v=xZaWCoabiIY,xZaWCoabiIY
SN1: MECANISMO | SUSTITUCI칍N NUCLEOF칈LICA | Qu칤mica Org치nica,https://www.youtube.com/watch?v=lW4cZ--u_Kg,lW4cZ--u_Kg
RESONANCIA Y MOVIMIENTO DE ELECTRONES | Qu칤mica B치sica,https://www.youtube.com/watch?v=PvTTjGgpkBE,PvTTjGgpkBE
TEOR칈A DE ORBITALES MOLECULARES Introducci칩n,https://www.youtube.com/watch?v=MEs3-4jnbF4,MEs3-4jnbF4
POL칈MEROS | INTRODUCCI칍N | Qu칤mica B치sica,https://www.youtube.com/watch?v=GrPqU2dzk9Y,GrPqU2dzk9Y
"IONES, CATIONES Y ANIONES | 쯈u칠 son?",https://www.youtube.com/watch?v=vTSqj5tcLEQ,vTSqj5tcLEQ
PORCENTAJE MASA-MASA | Qu칤mica B치sica,https://www.youtube.com/watch?v=7n6PkXYVBAw,7n6PkXYVBAw
POLARIDAD EN MOL칄CULAS,https://www.youtube.com/watch?v=Q7l-sd-UcIA,Q7l-sd-UcIA
TIPOS DE REACCIONES | Qu칤mica Org치nica,https://www.youtube.com/watch?v=gdHecHHkj38,gdHecHHkj38
HALOGENACI칍N DE ALCANOS | Reacciones org치nicas,https://www.youtube.com/watch?v=ZjmmcgZsG40,ZjmmcgZsG40
APRENDER LAS VALENCIAS F츼CIL Y R츼PIDO,https://www.youtube.com/watch?v=DlPq2wEeuRQ,DlPq2wEeuRQ
QUE ES UNA DISOLUCI칍N | Qu칤mica b치sica,https://www.youtube.com/watch?v=mps-HK5Dpvc,mps-HK5Dpvc
쯈U칄 ES LA HIBRIDACI칍N? | Qu칤mica B치sica,https://www.youtube.com/watch?v=3dEvUqWHMBk,3dEvUqWHMBk
"QUE SON LOS 츼CIDOS Y BASES | Arrhenius, Bronsted, Lewis.",https://www.youtube.com/watch?v=GJw0R3hQRkg,GJw0R3hQRkg
DIAGRAMA DE FASES,https://www.youtube.com/watch?v=JEpuDy1OP3E,JEpuDy1OP3E
쮼S UN 츼CIDO FUERTE O D칄BIL?,https://www.youtube.com/watch?v=jY9Eb0_UEbE,jY9Eb0_UEbE
TABLA PERI칍DICA Y PROPIEDADES | Qu칤mica B치sica,https://www.youtube.com/watch?v=9DR6VrDBH9g,9DR6VrDBH9g
QUIMICO REAL EXPLICA BREAKING BAD | COMO HACEN LA META,https://www.youtube.com/watch?v=-yaVs5hUl_I,-yaVs5hUl_I
APLICACIONES DEL PRIMER PRINCIPIO DE LA TERMODINAMICA | Termodin치mica,https://www.youtube.com/watch?v=xaS0moOJb4s,xaS0moOJb4s
RENDIMIENTO DE REACCI칍N | Qu칤mica B치sica,https://www.youtube.com/watch?v=ivYb34Sgz7c,ivYb34Sgz7c
TIPOS DE F칍RMULAS | Qu칤mica Org치nica,https://www.youtube.com/watch?v=lauKaJViXI8,lauKaJViXI8
쯈U칄 ES LA ENERG칈A NUCLEAR?,https://www.youtube.com/watch?v=F-tmLr1LSdM,F-tmLr1LSdM
쯈UE ES EL EQUILIBRIO QU칈MICO? CONSTANTE DE EQUILIBRIO | Equilibrio qu칤mico,https://www.youtube.com/watch?v=s4ysyM9jsQU,s4ysyM9jsQU
"CONFIGURACI칍N R, S | Reglas CIP y nomenclatura",https://www.youtube.com/watch?v=xXnTXtO2ujA,xXnTXtO2ujA
ELECTRONEGATIVIDAD Y POLARIDAD | Qu칤mica B치sica,https://www.youtube.com/watch?v=ttuFgh1wcBo,ttuFgh1wcBo
SN2: MECANISMO | SUSTITUCI칍N NUCLEOF칈LICA | Qu칤mica Org치nica,https://www.youtube.com/watch?v=4ivyCqmM2o0,4ivyCqmM2o0
REGLA DE MARKOVNIKOV | Qu칤mica Org치nica,https://www.youtube.com/watch?v=CWvEID_m58c,CWvEID_m58c
OBTENIENDO ACEITE ESENCIAL DE LIM칍N,https://www.youtube.com/watch?v=6l6DHOlcMyQ,6l6DHOlcMyQ
GEOMETR칈A MOLECULAR SEG칔N TRPECV | Qu칤mica b치sica,https://www.youtube.com/watch?v=l4QbqQkVL-4,l4QbqQkVL-4
PURIFICANDO SALITRE | NITRATO DE POTASIO,https://www.youtube.com/watch?v=HYCQhJB4qas,HYCQhJB4qas
ASIGNAR NUMEROS DE OXIDACI칍N | Redox,https://www.youtube.com/watch?v=gjIPau_FwCc,gjIPau_FwCc
"ENERGIA LIBRE DE GIBBS, ESPONTANEIDAD | Termodin치mica",https://www.youtube.com/watch?v=g0fvXJutbGY,g0fvXJutbGY
PRINCIPIO DE LE CH츽TELIER | Equilibrio,https://www.youtube.com/watch?v=QUxolGq6g3w,QUxolGq6g3w
ECUACI칍N DE LOS GASES IDEALES | Teor칤a de Gases,https://www.youtube.com/watch?v=4J6sD236ZWU,4J6sD236ZWU
PORCENTAJE VOLUMEN-VOLUMEN | Qu칤mica b치sica,https://www.youtube.com/watch?v=9hQho5LFaEA,9hQho5LFaEA
IONES: CATIONES Y ANIONES 쯈U칄 SON?| Qu칤mica B치sica,https://www.youtube.com/watch?v=rV-cZfYRQrY,rV-cZfYRQrY
TEOR칈A CIN칄TICO-MOLECULAR DE LOS GASES | Qu칤mica-F칤sica,https://www.youtube.com/watch?v=UuCyk-uLrCA,UuCyk-uLrCA
PRIMER PRINCIPIO DE LA TERMODIN츼MICA | Termodin치mica,https://www.youtube.com/watch?v=FqlyyI9gIV8,FqlyyI9gIV8
HIBRIDACI칍N SP | Qu칤mica B치sica,https://www.youtube.com/watch?v=M7AF8I3-LdM,M7AF8I3-LdM
TIPOS DE RADIACIONES NUCLEARES | Qu칤mica b치sica,https://www.youtube.com/watch?v=teOuU9YDIOA,teOuU9YDIOA
SIGNIFICADO DE LA ECUACI칍N QU칈MICA,https://www.youtube.com/watch?v=k1vfwYwxtW4,k1vfwYwxtW4
10 SORPRENDENTES EXPERIMENTOS DE QUIMICA | RECOPILACION,https://www.youtube.com/watch?v=0zl0QPkaJrA,0zl0QPkaJrA
PILA VS ELECTROLISIS | C츼TODO Y 츼NODO | Redox,https://www.youtube.com/watch?v=aTq3g5HXWF8,aTq3g5HXWF8
"EL ENLACE MET츼LICO, TEOR칈A DE BANDAS | Qu칤mica B치sica",https://www.youtube.com/watch?v=BcdyqMYled0,BcdyqMYled0
COMO SABER EL PRODUCTO DE UNA REACCI칍N,https://www.youtube.com/watch?v=C1eEI8V2qFc,C1eEI8V2qFc
PROPIEDADES COLIGATIVAS | Qu칤mica B치sica,https://www.youtube.com/watch?v=BSQWn26GWuc,BSQWn26GWuc
VELOCIDAD DE REACCION | Cin칠tica qu칤mica,https://www.youtube.com/watch?v=3zjYTInQjDQ,3zjYTInQjDQ
PROYECCI칍N DE FISCHER | Qu칤mica Org치nica,https://www.youtube.com/watch?v=Y0cYOXsZEVU,Y0cYOXsZEVU
QUE ES EL pH,https://www.youtube.com/watch?v=pdt4C2Lp3cE,pdt4C2Lp3cE
쯈U칄 ES UNA OXIDACI칍N? | Procesos Redox,https://www.youtube.com/watch?v=P3bZWcrW1bo,P3bZWcrW1bo
QU칄 ES LA HIBRIDACI칍N,https://www.youtube.com/watch?v=6da2hyd4vu0,6da2hyd4vu0
SOLUBILIDAD Y Kps | Ejercicios resueltos,https://www.youtube.com/watch?v=UfaWCckmY78,UfaWCckmY78
CURVAS DE VALORACI칍N 츼CIDO-BASE | Qu칤mica B치sica,https://www.youtube.com/watch?v=hGUuG11WW20,hGUuG11WW20
PROYECCI칍N DE NEWMAN | Qu칤mica Org치nica,https://www.youtube.com/watch?v=eCNPXK8FR-M,eCNPXK8FR-M
QUE SON LAS VALENCIAS,https://www.youtube.com/watch?v=L-KNNDehky0,L-KNNDehky0
ALCANOS | Qu칠 son y propiedades | Tema 1,https://www.youtube.com/watch?v=VPXZye0PZks,VPXZye0PZks
OBTENIENDO EXTRACTO DE CLOROFILA,https://www.youtube.com/watch?v=k5zUqxRYxDY,k5zUqxRYxDY
ACIDEZ Y BASICIDAD ORG츼NICA | Qu칤mica Org치nica,https://www.youtube.com/watch?v=0zhGQ7XbzOE,0zhGQ7XbzOE
TEORIA DE ORBITALES MOLECULARES | Orbitales p,https://www.youtube.com/watch?v=biNArB9dBU0,biNArB9dBU0
DISOLUCIONES REGULADORAS O AMORTIGUADORAS | 츼cido-Base,https://www.youtube.com/watch?v=LV0DLV_mA2c,LV0DLV_mA2c
HIDROGENACION DE ALQUENOS | Qu칤mica Org치nica,https://www.youtube.com/watch?v=7oG3zB-Ep4w,7oG3zB-Ep4w
EXOT칄RMICO Y ENDOT칄RMICO | Termodin치mica,https://www.youtube.com/watch?v=fStkH0bgIWQ,fStkH0bgIWQ
쯈U칄 ES UN MOL? | Qu칤mica B치sica,https://www.youtube.com/watch?v=Mc3-NpQWWZA,Mc3-NpQWWZA
REACTIVO LIMITANTE | Qu칤mica B치sica,https://www.youtube.com/watch?v=MQ8bipwt0MQ,MQ8bipwt0MQ
QUIRALIDAD | Qu칤mica Org치nica,https://www.youtube.com/watch?v=xsMmtAaszW8,xsMmtAaszW8
N칔MEROS CU츼NTICOS Y ORBITALES | Qu칤mica B치sica,https://www.youtube.com/watch?v=qXBqAYKQU6Y,qXBqAYKQU6Y
ENANTI칍MERO | DIASTEREOIS칍MERO,https://www.youtube.com/watch?v=0SOo6uiIY1U,0SOo6uiIY1U
"TRABAJO, PRESI칍N Y VOLUMEN | Termodin치mica",https://www.youtube.com/watch?v=RpkvIjEt0Js,RpkvIjEt0Js
LLUVIA DE ORO | EXPERIMENTO QU칈MICO,https://www.youtube.com/watch?v=16eDf6bj7Uw,16eDf6bj7Uw
ECUACI칍N DE VELOCIDAD Y 칍RDENES DE REACCI칍N | Cin칠tica qu칤mica,https://www.youtube.com/watch?v=3o_k57WivEY,3o_k57WivEY
쯈U칄 ES UN NUCLE칍FILO? | Qu칤mica Org치nica,https://www.youtube.com/watch?v=ES5aCixkJkY,ES5aCixkJkY
E1: MECANISMO | ELIMINACION UNIMOLECULAR | Qu칤mica Org치nica,https://www.youtube.com/watch?v=I7QSs-bRMTY,I7QSs-bRMTY
OBTENIENDO ACEITE DE COCO,https://www.youtube.com/watch?v=nsT_JdQX-z8,nsT_JdQX-z8
EXCEPCIONES DE LA CONFIGURACION ELECTRONICA | Qu칤mica B치sica,https://www.youtube.com/watch?v=5jidqh-VkEQ,5jidqh-VkEQ
ESPONTANEIDAD Y POTENCIALES DE REDUCCI칍N | Redox,https://www.youtube.com/watch?v=QBsQCEN5HeM,QBsQCEN5HeM
쯈U칄 ES UN CATALIZADOR? | CAT츼LISIS,https://www.youtube.com/watch?v=j7YWtTWbb1g,j7YWtTWbb1g
EL ENLACE I칍NICO | Qu칤mica B치sica,https://www.youtube.com/watch?v=rhx8T5fDUU0,rhx8T5fDUU0
VALORACI칍N 츼CIDO-BASE: C츼LCULOS,https://www.youtube.com/watch?v=6cq2uKdIMwg,6cq2uKdIMwg
EJERCICIOS DE ORG츼NICA RESUELTOS | Halogenaci칩n de alcanos | 1,https://www.youtube.com/watch?v=MWc97YOxnWo,MWc97YOxnWo
QU칄 ESTUDIA LA QU칈MICA ANAL칈TICA,https://www.youtube.com/watch?v=bg7xhxHCxSA,bg7xhxHCxSA
ESTEREOIS칍MEROS | Qu칤mica B치sica,https://www.youtube.com/watch?v=qYObqPOaajs,qYObqPOaajs
MOLARIDAD | Qu칤mica b치sica,https://www.youtube.com/watch?v=Oh7ml5q2HeY,Oh7ml5q2HeY
RUPTURA HOMOL칈TICA Y HETEROL칈TICA,https://www.youtube.com/watch?v=e-M2nz0KxZ4,e-M2nz0KxZ4
ESTUDIAR QU칈MICA EN LA UNIVERSIDAD,https://www.youtube.com/watch?v=h0mNb2zt0Os,h0mNb2zt0Os
MODELOS ATOMICOS | Qu칤mica B치sica,https://www.youtube.com/watch?v=_s4TttWFhu4,_s4TttWFhu4
OXISALES | Formulaci칩n Inorg치nica | IUPAC 2005,https://www.youtube.com/watch?v=KC5fVVpXfJU,KC5fVVpXfJU
E2: MECANISMO | ELIMINACION BIMOLECULAR | Qu칤mica Org치nica,https://www.youtube.com/watch?v=0TslRUTmD1Q,0TslRUTmD1Q
DESHIDRATACION DE ALCOHOLES | Qu칤mica Org치nica,https://www.youtube.com/watch?v=t2Sm3wE2RAM,t2Sm3wE2RAM
QU칄 ES LA CONCENTRACI칍N | Qu칤mica b치sica,https://www.youtube.com/watch?v=KjtDayYvhw8,KjtDayYvhw8
쯈U칄 ES UN PRECIPITADO? | Qu칤mica B치sica,https://www.youtube.com/watch?v=gkQfEyVh9Cs,gkQfEyVh9Cs
ENERG칈A LIBRE DE GIBBS Y EQUILIBRIO | Qu칤mica-F칤sica,https://www.youtube.com/watch?v=zDcXlr9C4kw,zDcXlr9C4kw
ABUNDANCIA ISOT칍PICA Y MASA AT칍MICA RELATIVA | Qu칤mica B치sica,https://www.youtube.com/watch?v=dm4czxecifU,dm4czxecifU
CARGA AT칍MICA O FORMAL | Qu칤mica B치sica,https://www.youtube.com/watch?v=qcMm63tZUc4,qcMm63tZUc4
SEGUNDO PRINCIPIO DE LA TERMODIN츼MICA | Termodin치mica,https://www.youtube.com/watch?v=aAqq08il6NQ,aAqq08il6NQ
AJUSTE DE REACCIONES REDOX | Medio 치cido,https://www.youtube.com/watch?v=9gSo1B8Ew4c,9gSo1B8Ew4c
HIBRIDACI칍N SP3 | Qu칤mica B치sica,https://www.youtube.com/watch?v=g5S5_XcM8us,g5S5_XcM8us
PARAMAGNETISMO Y DIAMAGNETISMO,https://www.youtube.com/watch?v=DlUlYw7E_mI,DlUlYw7E_mI
TIPOS DE SISTEMAS TERMODINAMICOS | Termodin치mica,https://www.youtube.com/watch?v=fJyzPN3GLU8,fJyzPN3GLU8
ESTRUCTURA AT칍MICA | Qu칤mica B치sica,https://www.youtube.com/watch?v=OxRHxeMLbRE,OxRHxeMLbRE
ADICI칍N DE HALUROS DE HIDR칍GENO A ALQUENOS | Qu칤mica Org치nica,https://www.youtube.com/watch?v=z-hVR2MM_sg,z-hVR2MM_sg
NOMENCLATURA E/Z DE ALQUENOS | Formulaci칩n Org치nica,https://www.youtube.com/watch?v=viFdiML42k0,viFdiML42k0
EJERCICIOS DE ORG츼NICA RESUELTOS | Haloalcanos SN1 SN2 E1 E2 | 3,https://www.youtube.com/watch?v=sV3qqZPTfm0,sV3qqZPTfm0
쯈U칄 ES UN MECANISMO DE REACCI칍N?,https://www.youtube.com/watch?v=z7d6vWJq8-o,z7d6vWJq8-o
DISOLUCIONES REGULADORAS | Ejercicios Resueltos,https://www.youtube.com/watch?v=ZXEqKA9v8ws,ZXEqKA9v8ws
ELECTROLISIS | Experimento Qu칤mico,https://www.youtube.com/watch?v=S4e6DC9albA,S4e6DC9albA
HIBRIDACI칍N SP2 | Qu칤mica B치sica,https://www.youtube.com/watch?v=siKcC-qfCRY,siKcC-qfCRY
EJERCICIO RESUELTO TABLAS DE ESTRUCTURA ATOMICA,https://www.youtube.com/watch?v=CR5U-v-JA9k,CR5U-v-JA9k
AJUSTE DE REACCIONES REDOX | Medio b치sico,https://www.youtube.com/watch?v=oJYDKT-41zs,oJYDKT-41zs
TIPOS DE VARIABLES Y FUNCIONES DE ESTADO | Termodin치mica,https://www.youtube.com/watch?v=xZSqXX7pZvk,xZSqXX7pZvk
EFECTO INDUCTIVO | Qu칤mica Org치nica,https://www.youtube.com/watch?v=2KkF-i-RKxA,2KkF-i-RKxA
ESTADOS DE OXIDACI칍N EN MOL칄CULAS ORG츼NICAS | Qu칤mica Org치nica,https://www.youtube.com/watch?v=TMUjRZlUK38,TMUjRZlUK38
SN2: FACTORES Y CONDICIONES | SUSTITUCI칍N NUCLEOF칈LICA | Qu칤mica Org치nica,https://www.youtube.com/watch?v=f7jx48reZDY,f7jx48reZDY
NORMALIDAD | Qu칤mica b치sica,https://www.youtube.com/watch?v=Y4x3ZaJfhd0,Y4x3ZaJfhd0
EFECTO DEL ION COM칔N | Equilibrio,https://www.youtube.com/watch?v=SUVIiInX1AI,SUVIiInX1AI
ENTALP칈AS DE FORMACI칍N Y COMBUSTI칍N | Termodin치mica,https://www.youtube.com/watch?v=xb4uwj-vXYE,xb4uwj-vXYE
EQUILIBRIO QUIMICO | Experimento,https://www.youtube.com/watch?v=A5CUnunMc9c,A5CUnunMc9c
QUE ES LA ADICION ELECTROF칈LICA | Qu칤mica org치nica,https://www.youtube.com/watch?v=PpkV3TgRtJU,PpkV3TgRtJU
FORMAS RESONANTES | FENOL | Explicado,https://www.youtube.com/watch?v=cWuPCnqYFe4,cWuPCnqYFe4
LEY DE HESS | Termodin치mica,https://www.youtube.com/watch?v=nY33S3zFOu4,nY33S3zFOu4
Estados excitados | Qu칤mica B치sica,https://www.youtube.com/watch?v=kkU3NrSuQYw,kkU3NrSuQYw
REACCIONES RADICALARIAS: MECANISMO | Qu칤mica Org치nica,https://www.youtube.com/watch?v=of2ZXdqLqtI,of2ZXdqLqtI
OXO츼CIDOS. formulaci칩n tradicional y de hidr칩geno | Formulaci칩n Inorg치nica | IUPAC 2005,https://www.youtube.com/watch?v=V_Z-8zDfXsM,V_Z-8zDfXsM
FLUORESCENCIA VS FOSFORESCENCIA | Qu칤mica B치sica,https://www.youtube.com/watch?v=nAw0PnareLk,nAw0PnareLk
HIDR칍GENO | ELEMENTO 1,https://www.youtube.com/watch?v=XX-N9q3_PNs,XX-N9q3_PNs
Relaci칩n entre Kp y Kc | Equilibrio qu칤mico,https://www.youtube.com/watch?v=g_AvdeiOqhQ,g_AvdeiOqhQ
VELOCIDAD DE UN GAS Y LA TEMPERATURA | Qu칤mica-F칤sica,https://www.youtube.com/watch?v=qG_brwwX32A,qG_brwwX32A
ESTADOS EXCITADOS O FUNDAMENTALES | 8 | Ejercicio de qu칤mica resuelto,https://www.youtube.com/watch?v=Lh8HvB4OOxY,Lh8HvB4OOxY
CICLO DE BORN HABER Y ENERG칈A RETICULAR | Qu칤mica B치sica,https://www.youtube.com/watch?v=8aiV0Pa3QVk,8aiV0Pa3QVk
MASA MOLECULAR DE UN GAS | Qu칤mica-F칤sica,https://www.youtube.com/watch?v=WXvMmlCoCFo,WXvMmlCoCFo
CONFIGURACI칍N ELECTR칍NICA Y DIAGRAMA DE MOELLER | Qu칤mica B치sica,https://www.youtube.com/watch?v=jesE9zsVwRc,jesE9zsVwRc
PRINCIPIO 0 DE LA TERMODIN츼MICA | Termodin치mica,https://www.youtube.com/watch?v=N4QsZOon3E4,N4QsZOon3E4
SN1: FACTORES Y CONDICIONES | SUSTITUCI칍N NUCLEOF칈LICA | Qu칤mica Org치nica,https://www.youtube.com/watch?v=9_IVWPc_bjM,9_IVWPc_bjM
"ALCANOS | Tipos de Carbonos (Primario, secundario, etc.) | Tema 1",https://www.youtube.com/watch?v=5DOaXxnYmp4,5DOaXxnYmp4
EXPLOTAR UN GLOBO CON UNA NARANJA | Experimento Explicado,https://www.youtube.com/watch?v=j1FChH41Hls,j1FChH41Hls
쯈U칄 ES UN AL칍TROPO? | Qu칤mica B치sica,https://www.youtube.com/watch?v=tGooFjm0mkE,tGooFjm0mkE
쯈U칄 ES UN ELECTR칍FILO? | Qu칤mica Org치nica,https://www.youtube.com/watch?v=FciRIJ8fZNM,FciRIJ8fZNM
EL ENLACE QU칈MICO | Qu칤mica B치sica,https://www.youtube.com/watch?v=YezXo6ypcRw,YezXo6ypcRw
LA QUIMICA DEL FULMINATO DE MERCURIO DE BREAKING BAD,https://www.youtube.com/watch?v=fEoizZSQT8k,fEoizZSQT8k
SOLUBILIDAD Y PRECIPITACI칍N | Ejercicios resueltos,https://www.youtube.com/watch?v=Sr-sws3A368,Sr-sws3A368
EQUILIBRIO Y TEMPERATURA. ECUACI칍N DE VAN'T HOFF | Equilibrio,https://www.youtube.com/watch?v=4NkVSasjLgI,4NkVSasjLgI
TAUTOMER칈A CETO-ENOL | Qu칤mica Org치nica,https://www.youtube.com/watch?v=ItS0H4I_Qrc,ItS0H4I_Qrc
쯈UE ES UN CALOR칈METRO?,https://www.youtube.com/watch?v=I0g5Xefwvms,I0g5Xefwvms
ALCANOS | Formulaci칩n Org치nica,https://www.youtube.com/watch?v=CaCIk-b8CH4,CaCIk-b8CH4
CONFIGURACI칍N ELECTR칍NICA CON KERNEL | Qu칤mica B치sica,https://www.youtube.com/watch?v=F0yJfqRb7kA,F0yJfqRb7kA
쯇ORQUE GAS IDEAL Y NO REAL?,https://www.youtube.com/watch?v=0wxER1PU7-o,0wxER1PU7-o
TIEMPO DE VIDA MEDIA DE UN IS칍TOPO | Qu칤mica b치sica,https://www.youtube.com/watch?v=OipDxMRYm8U,OipDxMRYm8U
T.O.M.| Combinaciones de orbitales,https://www.youtube.com/watch?v=hlKMfhhQEYo,hlKMfhhQEYo
CONFORMACIONES CICLOHEXANO Y CICLOPENTANO | Qu칤mica Org치nica,https://www.youtube.com/watch?v=NWf1_nVqJQA,NWf1_nVqJQA
츼CIDOS Y BASES D칄BILES: CONSTANTES,https://www.youtube.com/watch?v=ZIFpEK075oM,ZIFpEK075oM
쯇ORQU칄 ES TAN DIF칈CIL LA QU칈MICA?,https://www.youtube.com/watch?v=D9mvjzU0zR0,D9mvjzU0zR0
VALORACI칍N 츼CIDO-BASE 쯈U칄 ES?,https://www.youtube.com/watch?v=xc88KGDatZA,xc88KGDatZA
BALANCE DE MASAS Y CARGAS,https://www.youtube.com/watch?v=HTLwQVip8Iw,HTLwQVip8Iw
FORMAS RESONANTES | NITROBENCENO | Explicado,https://www.youtube.com/watch?v=GzVyaD-rkto,GzVyaD-rkto
Teoria del Enlace de Valencia | TEV,https://www.youtube.com/watch?v=76x_zHV-kEE,76x_zHV-kEE
PRODUCTO DE SOLUBILIDAD | Equilibrio,https://www.youtube.com/watch?v=wFhzW92tGzQ,wFhzW92tGzQ
ENERG칈A CIN칄TICA DE UN GAS | Qu칤mica-F칤sica,https://www.youtube.com/watch?v=3EaUihlx4o8,3EaUihlx4o8
REACTIVOS DE GRIGNARD Y ORGANOLITIOS | Qu칤mica Org치nica,https://www.youtube.com/watch?v=Dw894N2J7xY,Dw894N2J7xY
PROBLEMA CIN칄TICA QU칈MICA | 칩rdenes de reacci칩n,https://www.youtube.com/watch?v=dzyc9S1dU1A,dzyc9S1dU1A
"LYMAN, BALMER Y RYDBERG | Qu칤mica B치sica",https://www.youtube.com/watch?v=0NSbbMG6MY0,0NSbbMG6MY0
HELIO | ELEMENTO 2,https://www.youtube.com/watch?v=yU14NFMHOdc,yU14NFMHOdc
INGENIER칈A QU칈MICA VS QU칈MICA,https://www.youtube.com/watch?v=rwpcdy0-RMQ,rwpcdy0-RMQ
FRACCI칍N MOLAR | Qu칤mica b치sica,https://www.youtube.com/watch?v=v4-UHXYAqFk,v4-UHXYAqFk
ORDENAR POR RADIOS AT칍MICOS | 14 | Ejercicios de qu칤mica resueltos,https://www.youtube.com/watch?v=GA8r1TRcQ38,GA8r1TRcQ38
RADIOS AT칍MICOS E I칍NICOS | Qu칤mica B치sica,https://www.youtube.com/watch?v=BC24pwVlf9g,BC24pwVlf9g
EQUILIBRIO Y PRESI칍N | Equilibrio,https://www.youtube.com/watch?v=yxLeOSPVw1U,yxLeOSPVw1U
CONFIGURACION ELECTRONICA DE IONES | 13 | Ejercicios de qu칤mica resueltos,https://www.youtube.com/watch?v=CfWIP1bqQzc,CfWIP1bqQzc
Probetas | 3 | Material de laboratorio,https://www.youtube.com/watch?v=MeYkGL_sDWE,MeYkGL_sDWE
PIR칍LISIS DE ALCANOS | Reacciones Org치nicas,https://www.youtube.com/watch?v=5peQZFJuyhQ,5peQZFJuyhQ
JARDIN QU칈MICO EXPERIMENTO SORPRENDENTE,https://www.youtube.com/watch?v=V_cm_0pjUgs,V_cm_0pjUgs
MOLALIDAD | Qu칤mica b치sica,https://www.youtube.com/watch?v=-nrdmminoRw,-nrdmminoRw
PROPIEDADES COVALENTES | Qu칤mica B치sica,https://www.youtube.com/watch?v=w3KK4lJAejk,w3KK4lJAejk
POLARIZABILIDAD | 츼TOMOS DUROS Y BLANDOS,https://www.youtube.com/watch?v=2iQTEjpviiU,2iQTEjpviiU
"ESTEQUIOMETR칈A | Calcular gramos, moles y vol칰menes",https://www.youtube.com/watch?v=RxVfUhutNyM,RxVfUhutNyM
TABLA DE SOLUBILIDADES | Qu칤mica b치sica,https://www.youtube.com/watch?v=1pixjKy8A0k,1pixjKy8A0k
QU칄 ES LA S칈NTESIS QU칈MICA,https://www.youtube.com/watch?v=c6Zj2aeT4xM,c6Zj2aeT4xM
DIFERENCIA ENTRE 츼TOMOS Y MOL칄CULAS,https://www.youtube.com/watch?v=u2fa9uCylhs,u2fa9uCylhs
SIMETR칈A | Elementos y Operaciones,https://www.youtube.com/watch?v=breGmus6k2I,breGmus6k2I
PESO MOLECULAR | Qu칤mica B치sica,https://www.youtube.com/watch?v=-5EyJrZYWGE,-5EyJrZYWGE
OBTENER PLATA USANDO COBRE,https://www.youtube.com/watch?v=JALJoQEADVg,JALJoQEADVg
AJUSTE DE REACCIONES | TANTEO,https://www.youtube.com/watch?v=39DAI571uO8,39DAI571uO8
ACADEMIA DE QU칈MICA ONLINE - BREAKING VLAD,https://www.youtube.com/watch?v=cXozcjS_ZQE,cXozcjS_ZQE
츼CIDOS Y BASES D칄BILES | Ejercicio resuelto,https://www.youtube.com/watch?v=Qmi2L0eoGNM,Qmi2L0eoGNM
Halogenaci칩n de alquenos | Qu칤mica Org치nica,https://www.youtube.com/watch?v=yyt7S2tpVI0,yyt7S2tpVI0
El vaso de precipitados | 1 | Material de laboratorio,https://www.youtube.com/watch?v=Jw1Una9Z0cU,Jw1Una9Z0cU
DIAGRAMAS DE ELLINGHAM | Qu칤mica Inorg치nica,https://www.youtube.com/watch?v=cZEeSdNGda0,cZEeSdNGda0
쮿OMEOPAT칈A? ... 쯈U칄 DICE LA QU칈MICA?,https://www.youtube.com/watch?v=61eNcJwa7ho,61eNcJwa7ho
HIDRUROS | Formulaci칩n Inorg치nica | IUPAC 2005,https://www.youtube.com/watch?v=ee00gHzB_wA,ee00gHzB_wA
N칔MEROS CU츼NTICOS | 6 | Ejercicio de qu칤mica resuelto,https://www.youtube.com/watch?v=rJp9bHar1rs,rJp9bHar1rs
PER칍XIDOS| Formulaci칩n Inorg치nica | IUPAC 2005,https://www.youtube.com/watch?v=2MTuqt5csag,2MTuqt5csag
FORMULACI칍N INORG츼NICA | Introducci칩n | IUPAC 2005,https://www.youtube.com/watch?v=LRby-4zVekw,LRby-4zVekw
PRINCIPIO DE EXCLUSI칍N Y DE M츼XIMA MULTIPLICIDAD,https://www.youtube.com/watch?v=rmH5oePZk8Q,rmH5oePZk8Q
LEY DE GRAHAM,https://www.youtube.com/watch?v=klogfjrCst8,klogfjrCst8
CONDENSACI칍N ALD칍LICA | Qu칤mica Org치nica,https://www.youtube.com/watch?v=uE0HK-hHOA4,uE0HK-hHOA4
Hidratacion de alquenos | Qu칤mica Org치nica,https://www.youtube.com/watch?v=SwGkfKgDYJA,SwGkfKgDYJA
JAB칍N CASERO ANTI CORONAVIRUS | No hag치is tonter칤as,https://www.youtube.com/watch?v=nHvOyCPhqxY,nHvOyCPhqxY
NITRILOS | Formulaci칩n Org치nica,https://www.youtube.com/watch?v=5Ggj4r9yop4,5Ggj4r9yop4
ELECTRODEPOSICI칍N Y LEY DE FARADAY | Ejercicio resuelto,https://www.youtube.com/watch?v=w7pKERTOTpo,w7pKERTOTpo
isomer칤a cis-trans en alquenos,https://www.youtube.com/watch?v=N1GWMnBlQL4,N1GWMnBlQL4
CALCULAR pH 치cidos y bases fuertes | Qu칤mica Anal칤tica,https://www.youtube.com/watch?v=TP4xYqhscL4,TP4xYqhscL4
ESTEQUIOMETRIA | 3췈 ESO | Ejercicios Resueltos,https://www.youtube.com/watch?v=XMS2h1lhUZk,XMS2h1lhUZk
LITIO | ELEMENTO 3,https://www.youtube.com/watch?v=UTipPBbBz04,UTipPBbBz04
OXISALES 츼CIDAS | Formulaci칩n Inorg치nica | IUPAC 2005,https://www.youtube.com/watch?v=e0uWzqIgtwY,e0uWzqIgtwY
FACTORES QUE AFECTAN A LA VELOCIDAD DE REACCI칍N | Cin칠tica qu칤mica,https://www.youtube.com/watch?v=sYgs49xUDuI,sYgs49xUDuI
Pipetas graduadas | 5 | Material de laboratorio,https://www.youtube.com/watch?v=J0OpPDzIw2o,J0OpPDzIw2o
El Matraz Erlenmeyer | 2 | Material de laboratorio,https://www.youtube.com/watch?v=ftbsQ4KvZc0,ftbsQ4KvZc0
칍XIDOS | Formulaci칩n Inorg치nica | IUPAC 2005,https://www.youtube.com/watch?v=0FawXXHaXqE,0FawXXHaXqE
"COLESTEROL BUENO, MALO, HDL Y LDL | QUE SON",https://www.youtube.com/watch?v=Uc27ilEXI-E,Uc27ilEXI-E
Pipetas Pasteur | 8 | Material de laboratorio,https://www.youtube.com/watch?v=-ttC_QU2KLc,-ttC_QU2KLc
SOLUBILIDAD Y EFECTO DEL ION COM칔N | Ejercicios resueltos,https://www.youtube.com/watch?v=F3pwVp9L5Rw,F3pwVp9L5Rw
IMPEDIMENTO EST칄RICO Y BARRERAS DE ROTACI칍N | Qu칤mica Org치nica,https://www.youtube.com/watch?v=6POlMXF9icQ,6POlMXF9icQ
AROMATICIDAD Y REGLAS DE HUCKEL,https://www.youtube.com/watch?v=d1YoEGetaAA,d1YoEGetaAA
GRUPOS FUNCIONALES Y REACTIVIDAD | Qu칤mica Org치nica,https://www.youtube.com/watch?v=c7LTqvXvo0M,c7LTqvXvo0M
CARBOCATIONES CARBANIONES Y RADICALES | Qu칤mica Org치nica,https://www.youtube.com/watch?v=sp2vAcO-W0U,sp2vAcO-W0U
FORMAS RESONANTES | BROMOBENCENO | Explicado,https://www.youtube.com/watch?v=9nNwKlHkvLc,9nNwKlHkvLc
COMO PREPARAR CORRECTAMENTE UNA DISOLUCI칍N | T칠cnicas de laboratorio,https://www.youtube.com/watch?v=BowV116ddIQ,BowV116ddIQ
CALCULAR pH 치cidos y bases d칠biles | Qu칤mica Anal칤tica,https://www.youtube.com/watch?v=NzqlzhLPXR4,NzqlzhLPXR4
SALES BINARIAS | Formulaci칩n Inorg치nica | IUPAC 2005,https://www.youtube.com/watch?v=tzhWjBXbwjc,tzhWjBXbwjc
NUCLEOFILIA VS BASICIDAD | Qu칤mica Org치nica,https://www.youtube.com/watch?v=qL7-oer0yR0,qL7-oer0yR0
REACCI칍N ALD칍LICA | Qu칤mica Org치nica,https://www.youtube.com/watch?v=_Ilggwh1ICM,_Ilggwh1ICM
CICLOALCANOS | Formulaci칩n org치nica,https://www.youtube.com/watch?v=Azg3k_kEnyA,Azg3k_kEnyA
DENSIDAD DE UN GAS | Qu칤mica-F칤sica,https://www.youtube.com/watch?v=WG5_EW5YQYo,WG5_EW5YQYo
TIPOS DE FLECHAS | Qu칤mica B치sica,https://www.youtube.com/watch?v=LJdwsrgcnoc,LJdwsrgcnoc
QU칄 ES LA HIPERCONJUGACI칍N | Qu칤mica Org치nica,https://www.youtube.com/watch?v=jC99VN-xNOA,jC99VN-xNOA
ESTADOS DE LA MATERIA | Qu칤mica B치sica,https://www.youtube.com/watch?v=4qiZ18sdH3w,4qiZ18sdH3w
Matraces aforados | 4 | Material de laboratorio,https://www.youtube.com/watch?v=BxK4vLDO2RU,BxK4vLDO2RU
SEM츼FORO QU칈MICO | Experimento explicado,https://www.youtube.com/watch?v=SGE2bLDz2EM,SGE2bLDz2EM
OBTENIENDO METANOL A PARTIR DE ALCOHOL DE QUEMAR,https://www.youtube.com/watch?v=bopPmzbAQAI,bopPmzbAQAI
COMO DIBUJAR CICLOHEXANOS SILLA SUSTITUIDOS,https://www.youtube.com/watch?v=mZtwG_7hWA0,mZtwG_7hWA0
"CALCULO DE TRABAJO, ENERG칈A INTERNA Y ENTALP칈A",https://www.youtube.com/watch?v=g1oU4Pz-0iU,g1oU4Pz-0iU
ESTEQUIOMETRIA | 1췈 BACHILLERATO | Ejercicios Resueltos,https://www.youtube.com/watch?v=RDNIRuZjVUc,RDNIRuZjVUc
RESONANCIA EN HETEROCICLOS DE 6 MIEMBROS | Explicado,https://www.youtube.com/watch?v=US7fc_2VhHc,US7fc_2VhHc
CIFRAS SIGNIFICATIVAS,https://www.youtube.com/watch?v=PCdUZNcwsMQ,PCdUZNcwsMQ
HALOALCANOS | Formulaci칩n org치nica,https://www.youtube.com/watch?v=qnSdyJ1W7e4,qnSdyJ1W7e4
BENCENOS | Formulaci칩n Org치nica,https://www.youtube.com/watch?v=SNcN4oYWYp8,SNcN4oYWYp8
Pipetas aforadas | 6 | Material de laboratorio,https://www.youtube.com/watch?v=NUoUyq__eR8,NUoUyq__eR8
DESTILACI칍N SIMPLE | SIMPLE DISTILLATION,https://www.youtube.com/watch?v=xHJawcNysUA,xHJawcNysUA
ALQUENOS | Formulaci칩n Org치nica,https://www.youtube.com/watch?v=sLj4_MHHCqg,sLj4_MHHCqg
ESTEQUIOMETRIA | 4췈 ESO | Ejercicios Resueltos,https://www.youtube.com/watch?v=hy8lZ1x1gN4,hy8lZ1x1gN4
CICLOHEXANOS SUSTITUIDOS | ESTABILIDAD AXIAL-ECUATORIAL,https://www.youtube.com/watch?v=HYO6mbVWYOY,HYO6mbVWYOY
HALUROS DE HIDR칍GENO E HIDR츼CIDOS | Formulaci칩n Inorg치nica | IUPAC 2005,https://www.youtube.com/watch?v=jYTRgm229g8,jYTRgm229g8
Porque se calienta una plancha | #CienciaDelDiaADia,https://www.youtube.com/watch?v=HVN5RAQC42c,HVN5RAQC42c
OBTENIENDO TOLUENO A PARTIR DE DISOLVENTE UNIVERSAL,https://www.youtube.com/watch?v=YArzenpV1Oo,YArzenpV1Oo
칄TERES | Formulaci칩n Org치nica,https://www.youtube.com/watch?v=5aAIrhCmdJA,5aAIrhCmdJA
CONSTANTES DE EQUILIBRIO Y CIN칄TICA. DIFERENCIA,https://www.youtube.com/watch?v=0Z0-VQKUZFs,0Z0-VQKUZFs
EXTRACTOR SOXHLET | T칄CNICA,https://www.youtube.com/watch?v=fQ8pJ_DPgyo,fQ8pJ_DPgyo
츼CIDOS CARBOX칈LICOS | Formulaci칩n Org치nica,https://www.youtube.com/watch?v=7nlmgf7c2JM,7nlmgf7c2JM
RESONANCIA EN HETEROCICLOS DE 5 MIEMBROS | Explicado,https://www.youtube.com/watch?v=krN6BTlzyBQ,krN6BTlzyBQ
DILUCIONES | 2 | Ejercicio Resuelto Disoluciones,https://www.youtube.com/watch?v=UZLhaoWLTdU,UZLhaoWLTdU
OBTENIENDO 츼CIDO BENZOICO,https://www.youtube.com/watch?v=KAQ4mwXqmvY,KAQ4mwXqmvY
Hidroboraci칩n de alquenos | Qu칤mica Org치nica,https://www.youtube.com/watch?v=WHDJNH_QIls,WHDJNH_QIls
ALCOHOLES | Formulaci칩n Org치nica,https://www.youtube.com/watch?v=p9RDHpmNCxk,p9RDHpmNCxk
El benceno,https://www.youtube.com/watch?v=St-py3zWBWs,St-py3zWBWs
EQUILIBRIO Y VOLUMEN | Equilibrio,https://www.youtube.com/watch?v=dLu50RfkRzk,dLu50RfkRzk
SUSTITUCION ELECTROF칈LICA AROM츼TICA,https://www.youtube.com/watch?v=63ybe39FQdY,63ybe39FQdY
EJERCICIOS DE ORG츼NICA RESUELTOS | Halogenaci칩n de alcanos | 2,https://www.youtube.com/watch?v=l2cHl_VzPEI,l2cHl_VzPEI
AGUA DURA Y AGUA BLANDA,https://www.youtube.com/watch?v=U_75EuzWxFo,U_75EuzWxFo
ALQUINOS | Formulaci칩n Org치nica,https://www.youtube.com/watch?v=fVye5rBDlyg,fVye5rBDlyg
OBTENIENDO 츼CIDO B칍RICO,https://www.youtube.com/watch?v=qA9tdCVX_TU,qA9tdCVX_TU
NITRODERIVADOS | Formulaci칩n Org치nica,https://www.youtube.com/watch?v=y4dmfzWyrqY,y4dmfzWyrqY
OBTENIENDO ACEITE ESENCIAL DE CANELA,https://www.youtube.com/watch?v=l2RsDqkPQVE,l2RsDqkPQVE
Morteros | 12 | Material de laboratorio,https://www.youtube.com/watch?v=safj8eFmzSc,safj8eFmzSc
PROBLEMAS DE EQUILIBRIO (I) Kc,https://www.youtube.com/watch?v=RrqkbUAzQvA,RrqkbUAzQvA
AMINAS | Formulaci칩n Org치nica,https://www.youtube.com/watch?v=WLiEm_ieEyE,WLiEm_ieEyE
Micropipetas | 10 | Material de laboratorio,https://www.youtube.com/watch?v=SRCmi5p7IAA,SRCmi5p7IAA
ENTALP칈AS DE ENLACE | Termodin치mica,https://www.youtube.com/watch?v=y6GWpMqCcEg,y6GWpMqCcEg
"ACEITES ESENCIALES, EXTRACTOS Y ACEITES",https://www.youtube.com/watch?v=jMc1ldCYCnA,jMc1ldCYCnA
OBTENIENDO YODO PURO,https://www.youtube.com/watch?v=vVadJF1SdVk,vVadJF1SdVk
AS칈 CONVIERTEN TU 游눨 EN AGUA LIMPIA,https://www.youtube.com/watch?v=Le3SMaADuKw,Le3SMaADuKw
TEOR칈A DE COLISIONES Y DEL COMPLEJO ACTIVADO | cin칠tica qu칤mica,https://www.youtube.com/watch?v=bBt_wS-mBUY,bBt_wS-mBUY
REACCIONES DE DESPROPORCION | Redox,https://www.youtube.com/watch?v=plrVzBOpGQM,plrVzBOpGQM
PAU QUIMICA | EXAMEN DE SELECTIVIDAD RESUELTO | Piloto,https://www.youtube.com/watch?v=IGFKaCB5GeA,IGFKaCB5GeA
LAS PROPIEDADES DE LA MATERIA,https://www.youtube.com/watch?v=S1xXf1cSSyY,S1xXf1cSSyY
쯇ORQU칄 EL ESP츼RRAGO DA MAL OLOR EN LA ORINA? | #CienciaDelDiaADia,https://www.youtube.com/watch?v=ta9iVrIm4vY,ta9iVrIm4vY
HIDR칍XIDOS | Formulaci칩n Inorg치nica | IUPAC 2005,https://www.youtube.com/watch?v=nA-0B8fEjF8,nA-0B8fEjF8
Tipos de pipeteadores | 7 | Material de laboratorio,https://www.youtube.com/watch?v=YPPHyIu8btY,YPPHyIu8btY
EXACTITUD Y PRECISI칍N,https://www.youtube.com/watch?v=Q3cqxmmNrpI,Q3cqxmmNrpI
M칄TODOS CIENT칈FICOS,https://www.youtube.com/watch?v=3hYgYVYryA0,3hYgYVYryA0
COCIENTE DE REACCION | Equilibrio Qu칤mico,https://www.youtube.com/watch?v=757uoGxUUcs,757uoGxUUcs
CUANTOS DE ENERG칈A Y EFECTO FOTOEL칄CTRICO,https://www.youtube.com/watch?v=QuLbp6-pmE8,QuLbp6-pmE8
BENCENOS SUSTITUIDOS. EFECTO DEL SUSTITUYENTE | ACTIVANTE Y DESACTIVANTE,https://www.youtube.com/watch?v=HaXVupn9KVs,HaXVupn9KVs
CURSOS DE QU칈MICA ONLINE | ACADEMIA,https://www.youtube.com/watch?v=GPgHDWF8DpU,GPgHDWF8DpU
MOLARIDAD | 1 | Ejercicio Resuelto Disoluciones,https://www.youtube.com/watch?v=Vp7AVfecVrc,Vp7AVfecVrc
C츼LCULOS CON PUREZA DE REACTIVOS,https://www.youtube.com/watch?v=jBF2wTx4UMk,jBF2wTx4UMk
HACIENDO ACETATO DE ISOAMILO,https://www.youtube.com/watch?v=sgLwm0pcI1Y,sgLwm0pcI1Y
Embudos | 9 | Material de laboratorio,https://www.youtube.com/watch?v=mGPbdq29-3w,mGPbdq29-3w
"TIPOS DE ENLACES QU칈MICOS: i칩nico, covalente, met치lico y sus propiedades",https://www.youtube.com/watch?v=qR3XiIVkYlA,qR3XiIVkYlA
ESTEQUIOMETRIA | 2췈 BACHILLERATO | Ejercicios Resueltos,https://www.youtube.com/watch?v=FUQuDqZLI2s,FUQuDqZLI2s
AJUSTE DE REACCIONES | M칄TODO ALGEBRAICO,https://www.youtube.com/watch?v=KBUZSYcRd7k,KBUZSYcRd7k
GRADO DE INSATURACI칍N,https://www.youtube.com/watch?v=8B8mXYPIbSs,8B8mXYPIbSs
ALDEHIDOS | Formulaci칩n Org치nica,https://www.youtube.com/watch?v=AAr7M7yCBkc,AAr7M7yCBkc
EJERCICIO RESUELTO | Ciclo de Born-Haber y Energ칤a Reticular,https://www.youtube.com/watch?v=ExhjW6o8-qk,ExhjW6o8-qk
CUARENTENA | 5 TIPS PARA ESTUDIAR,https://www.youtube.com/watch?v=VNwDDCcuu4w,VNwDDCcuu4w
PURIFICANDO SULFATO DE COBRE,https://www.youtube.com/watch?v=P5enzRO1mQs,P5enzRO1mQs
HIBRIDACI칍N SP,https://www.youtube.com/watch?v=UhJx5_cVQFQ,UhJx5_cVQFQ
Oximercuriacion de alquenos | Qu칤mica Org치nica,https://www.youtube.com/watch?v=rOyoODcG-zY,rOyoODcG-zY
BREAKING VLAD TU CANAL DE QUIMICA,https://www.youtube.com/watch?v=h85qJyJTIBs,h85qJyJTIBs
ALUMINIO + SULFATO DE COBRE. 쯈U칄 PASA?,https://www.youtube.com/watch?v=JJjZFJuVdeI,JJjZFJuVdeI
QUIMICA GENERAL | CHANG | REVIEW,https://www.youtube.com/watch?v=ty2lXHy1LRo,ty2lXHy1LRo
SAPONIFICACI칍N,https://www.youtube.com/watch?v=e5WznsJbhl0,e5WznsJbhl0
TENSI칍N ANULAR EN CICLOALCANOS | Qu칤mica Org치nica,https://www.youtube.com/watch?v=vzLY2doOyRg,vzLY2doOyRg
FUNCIONES EST츼NDAR | Termodin치mica,https://www.youtube.com/watch?v=_FkuvwIYglo,_FkuvwIYglo
TRANSICIONES ELECTRONICAS | 3 | Ejercicio de qu칤mica resuelto,https://www.youtube.com/watch?v=LHafrggMhew,LHafrggMhew
ECUACI칍N DE RYDBERG | 2 | Ejercicio de qu칤mica resuelto,https://www.youtube.com/watch?v=NJg2v0RUOV8,NJg2v0RUOV8
칄STERES | Formulaci칩n Org치nica,https://www.youtube.com/watch?v=0BBnTCwQwDg,0BBnTCwQwDg
ECUACI칍N DE RYDBERG | 1 | Ejercicio de qu칤mica resuelto,https://www.youtube.com/watch?v=IwHyY_WbljE,IwHyY_WbljE
Unidades del Sistema Internacional (SI),https://www.youtube.com/watch?v=osHlH3xab00,osHlH3xab00
CONSTRUYO LA M츼QUINA DE CAF칄 DE BREAKING BAD,https://www.youtube.com/watch?v=Ulk19788CKE,Ulk19788CKE
EL JUEGO INTERACTIVO DE LAS VALENCIAS | NIVEL 1,https://www.youtube.com/watch?v=LBzE_R9HK9c,LBzE_R9HK9c
ESTRUCTURA DE LA TABLA PERI칍DICA | 11 | Ejercicio de qu칤mica resuelto,https://www.youtube.com/watch?v=vHwQsOi8JTI,vHwQsOi8JTI
CREANDO UN ESPEJO DE PLATA | TEST DE TOLLENS,https://www.youtube.com/watch?v=XHwJISPnzFU,XHwJISPnzFU
OBTENIENDO EL ALMID칍N DE LA PATATA,https://www.youtube.com/watch?v=SQlq18_7AXk,SQlq18_7AXk
쮺U츼NTO SABES DE QU칈MICA? 30 PREGUNTAS | NIVEL 1,https://www.youtube.com/watch?v=lmbsbzjU-UU,lmbsbzjU-UU
HACIENDO CLOROFORMO | Reacci칩n del haloformo,https://www.youtube.com/watch?v=peurOHet1Mg,peurOHet1Mg
CETONAS | Formulaci칩n Org치nica,https://www.youtube.com/watch?v=tsvlgH4mDAI,tsvlgH4mDAI
COMBUSTI칍N INCOMPLETA | Quimicefa en v칤deo | Experimento 6,https://www.youtube.com/watch?v=WZ8rG0wFUEg,WZ8rG0wFUEg
AMIDAS | Formulaci칩n Org치nica,https://www.youtube.com/watch?v=BytrjPRjd8A,BytrjPRjd8A
Teor칤a del Campo Cristalino | TCC,https://www.youtube.com/watch?v=1UzbDDfrtR4,1UzbDDfrtR4
OBTENIENDO ACEITE ESENCIAL DE PINO,https://www.youtube.com/watch?v=To3oSIdGJ0M,To3oSIdGJ0M
REACTIVIDAD DE HALOALCANOS Y PROPIEDADES | Qu칤mica Org치nica,https://www.youtube.com/watch?v=DND85GASzRc,DND85GASzRc
ALQUILACION DE FRIEDEL-CRAFTS,https://www.youtube.com/watch?v=ETaMja1NhAo,ETaMja1NhAo
NORMALIDAD | 3 | Ejercicio Resuelto Disoluciones,https://www.youtube.com/watch?v=kYOhBmYmp4w,kYOhBmYmp4w
EXAMEN DE SELECTIVIDAD 2017 RESUELTO | Qu칤mica | Madrid | Junio,https://www.youtube.com/watch?v=0Oe-t53FPo0,0Oe-t53FPo0
Matraces Kitasato | 11 | Material de laboratorio,https://www.youtube.com/watch?v=Y-Q4w0K2GY4,Y-Q4w0K2GY4
PREMIO NOBEL DE QU칈MICA 2018 | Explicado,https://www.youtube.com/watch?v=idINmmJZduI,idINmmJZduI
ROCA + 츼CIDO | #CienciaDelDiaADia,https://www.youtube.com/watch?v=cGzNl0-7Pp8,cGzNl0-7Pp8
C칍MO FUNCIONAN LOS COLORES | Qu칤mica y teor칤a de colores,https://www.youtube.com/watch?v=ykWF5gaVkrM,ykWF5gaVkrM
5 APPS 칔TILES Y GRATIS DE QUIMICA PARA EL M칍VIL,https://www.youtube.com/watch?v=rYefyhap7V4,rYefyhap7V4
C칍MO DISOLVER PRECIPITADOS | Solubilidad,https://www.youtube.com/watch?v=rAlp5K1jTCs,rAlp5K1jTCs
AS칈 SE DESCUBRI칍 EL NEUTRON | CHADWICK Y SU PREMIO NOBEL,https://www.youtube.com/watch?v=BsRtB9AkTDw,BsRtB9AkTDw
EXPERIMENTO DEL RUBIUS EXPLICADO | Pasta de dientes de elefante,https://www.youtube.com/watch?v=4EFPfGNpkHE,4EFPfGNpkHE
EL REFLUJO | T칄CNICA DE LABORATORIO,https://www.youtube.com/watch?v=y7PkizJ4Uys,y7PkizJ4Uys
ESTEREOESPECIFICIDAD Y ESTEREOSELECTIVIDAD,https://www.youtube.com/watch?v=RXOcN39s2fY,RXOcN39s2fY
ACILACION DE FRIEDEL-CRAFTS,https://www.youtube.com/watch?v=tVYbs5CKCNo,tVYbs5CKCNo
FUEGOS ARTIFICIALES Y ETIQUETAS DE AGUA | Qu칤mica,https://www.youtube.com/watch?v=j6afjvsdcKA,j6afjvsdcKA
APARATO CLEVENGER | T칄CNICA,https://www.youtube.com/watch?v=dCejoIPjjgY,dCejoIPjjgY
EXAMEN DE SELECTIVIDAD 2017 RESUELTO | Qu칤mica | Andaluc칤a | Junio,https://www.youtube.com/watch?v=JjaKpT_y5po,JjaKpT_y5po
CONSEJOS PARA ELEGIR TU CARRERA UNIVERSITARIA,https://www.youtube.com/watch?v=ztK1hcriCLM,ztK1hcriCLM
HALOGENACION DE BENCENOS,https://www.youtube.com/watch?v=vkqbrxaX2tI,vkqbrxaX2tI
EL POR QU칄 DEL PREMIO NOBEL DE QU칈MICA DE 2017 | Explicado,https://www.youtube.com/watch?v=-3eE4_P5Myg,-3eE4_P5Myg
PROBLEMAS DE EQUILIBRIO (II) Kc,https://www.youtube.com/watch?v=_9r2qrY4gLU,_9r2qrY4gLU
ESTEQUIOMETR칈A | calcular vol칰menes de gases,https://www.youtube.com/watch?v=2qjnl1sTRps,2qjnl1sTRps
OZONOLISIS,https://www.youtube.com/watch?v=G1hYcnUILD8,G1hYcnUILD8
OBTENIENDO 츼CIDO PARA-TOLUENSULF칍NICO,https://www.youtube.com/watch?v=l5NdNraL1Oc,l5NdNraL1Oc
ESTRUCTURAS DE LEWIS | con 7 ejemplos,https://www.youtube.com/watch?v=UKo5b43gkzc,UKo5b43gkzc
CAMPO FUERTE Y CAMPO D칄BIL,https://www.youtube.com/watch?v=aNQ_xudSSF4,aNQ_xudSSF4
ESTERIFICACI칍N DE FISCHER,https://www.youtube.com/watch?v=mDRqVpy7S4A,mDRqVpy7S4A
CLASIFICACI칍N DE LA MATERIA,https://www.youtube.com/watch?v=2OzWKtWQjAE,2OzWKtWQjAE
Formacion de halohidrinas | Qu칤mica Org치nica,https://www.youtube.com/watch?v=60RQW_WH12A,60RQW_WH12A
"N칔MERO AT칍MICO, M츼SICO Y NEUTRONES | 4 | Ejercicio de qu칤mica resuelto",https://www.youtube.com/watch?v=ta-Py9XBGnU,ta-Py9XBGnU
ENERGIA Y LONGITUD DE ONDA | 5 | Ejercicio de qu칤mica resuelto,https://www.youtube.com/watch?v=gctJ_vDjUw0,gctJ_vDjUw0
쯈U칄 ES LA ACTIVIDAD 칍PTICA?,https://www.youtube.com/watch?v=aiJBxV4GTxU,aiJBxV4GTxU
ACIDEZ Y BASICIDAD DE SALES,https://www.youtube.com/watch?v=Mhux3DdBxgE,Mhux3DdBxgE
EXPERIMENTO DEL RUBIUS EXPLICADO | Nitr칩geno l칤quido y cocacola,https://www.youtube.com/watch?v=EOmIp5SN2O0,EOmIp5SN2O0
LUMINOL Y LA REACCI칍N QUE PRODUCE LUZ,https://www.youtube.com/watch?v=NbB5M4xsG_A,NbB5M4xsG_A
PASTA DE DIENTES DE ELEFANTE | 쯇or qu칠 pasa?,https://www.youtube.com/watch?v=YHCS365Vcqo,YHCS365Vcqo
HIBRIDACION SP2,https://www.youtube.com/watch?v=TyrAJHsZDag,TyrAJHsZDag
AS칈 SON LAS RADIOGRAF칈AS DE MOL칄CULAS | difracci칩n de rayos X,https://www.youtube.com/watch?v=6-tlzIfWxhU,6-tlzIfWxhU
C칍MO DOMINAR LA QU칈MICA,https://www.youtube.com/watch?v=9JgycIggc6w,9JgycIggc6w
ESTE MATERIAL ABSORBE 90 VECES SU PESO EN AGUA,https://www.youtube.com/watch?v=fVgJTHyg2ec,fVgJTHyg2ec
pH DE SAL 츼CIDA | Ejercicio resuelto,https://www.youtube.com/watch?v=sPgowmSpeEA,sPgowmSpeEA
쯈U칄 ES LA QU칈MICA INORG츼NICA?,https://www.youtube.com/watch?v=0dCfhwxOOhc,0dCfhwxOOhc
LA MOL칄CULA DEL AGUA Y LA VIDA,https://www.youtube.com/watch?v=C-jcuV_sATQ,C-jcuV_sATQ
RADIOS ESPECIES ISOELECTRONICAS | 18 | Ejercicios de qu칤mica resueltos,https://www.youtube.com/watch?v=9u9YDuYrxKM,9u9YDuYrxKM
VOLC츼N QU칈MICO REALISTA CON DICROMATO,https://www.youtube.com/watch?v=yEb1xt2VBVk,yEb1xt2VBVk
COMO USAR FACTORES DE CONVERSI칍N | 1,https://www.youtube.com/watch?v=7B7_Dp26Xss,7B7_Dp26Xss
CONVIRTIENDO ALCOHOL EN AGUA,https://www.youtube.com/watch?v=93YqzajbuO8,93YqzajbuO8
OFERTAZAS EN LA ACADEMIA DE QU칈MICA | #BlackFriday,https://www.youtube.com/watch?v=7XZDmZT1vow,7XZDmZT1vow
SUSTITUCION NUCLEOF칈LICA AROM츼TICA,https://www.youtube.com/watch?v=6qr5FAwAkHU,6qr5FAwAkHU
쯊E PUEDES FIAR DE LA WIKIPEDIA?,https://www.youtube.com/watch?v=Bycq_SspqkY,Bycq_SspqkY
PAR츼METROS DE ENLACE,https://www.youtube.com/watch?v=-3x059sV8sQ,-3x059sV8sQ
"CONVERTIR GRAMOS EN MOLES, MOL칄CULAS Y 츼TOMOS | Estequiometr칤a",https://www.youtube.com/watch?v=qjIbQSDWnKQ,qjIbQSDWnKQ
OBTENIENDO COBRE A PARTIR DE ALUMINIO,https://www.youtube.com/watch?v=UA9qac8nvM0,UA9qac8nvM0
DIFERENTES CONCENTRACIONES | 4 | Ejercicio Resuelto Disoluciones,https://www.youtube.com/watch?v=FKtPiSV4PTg,FKtPiSV4PTg
OBTENIENDO ACETATO DE COBRE (II),https://www.youtube.com/watch?v=TDOtQRGkw58,TDOtQRGkw58
12+1 EXPERIMENTOS F츼CILES Y CURIOSOS | RECOPILACI칍N,https://www.youtube.com/watch?v=ht46MZf0yKE,ht46MZf0yKE
MECHEROS BUNSEN | 14 | Material de laboratorio,https://www.youtube.com/watch?v=wzU3CNJeFJQ,wzU3CNJeFJQ
SOLUBLE E INSOLUBLE | Quimicefa en v칤deo | Experimento 10,https://www.youtube.com/watch?v=SnGEfrDJE4w,SnGEfrDJE4w
T칄CNICA DEAN-STARK,https://www.youtube.com/watch?v=mvEJt83RRf8,mvEJt83RRf8
HIBRIDACION SP3,https://www.youtube.com/watch?v=bZzVSFO2caM,bZzVSFO2caM
EXAMEN DE SELECTIVIDAD 2017 RESUELTO | Qu칤mica | Castilla y Le칩n | Junio,https://www.youtube.com/watch?v=MRd9btmQIAg,MRd9btmQIAg
"ESTRUCTURA DE ALQUENOS | Enlace pi, rigidez, resonancia",https://www.youtube.com/watch?v=gNPkjr9UEm0,gNPkjr9UEm0
Academia de Qu칤mica Online | Breaking Vlad,https://www.youtube.com/watch?v=fgW2CO4TZaY,fgW2CO4TZaY
DEDUCIR ELEMENTO QUIMICO | 15 | Ejercicios de qu칤mica resueltos,https://www.youtube.com/watch?v=HPxUYyUl4lA,HPxUYyUl4lA
Desecador | 13 | Material de laboratorio,https://www.youtube.com/watch?v=yQ-pbsK2x2o,yQ-pbsK2x2o
TUTORIAL DE ESTEQUIOMETR칈A PASO A PASO | COMO RESOLVER ESTE TIPO DE PROBLEMAS CON EJEMPLOS,https://www.youtube.com/watch?v=o5n-Ok8vdgE,o5n-Ok8vdgE
PORQU칄 QUEMA EL FUEGO | #CienciaDelDiaADia,https://www.youtube.com/watch?v=Gkh7f5ZWCjs,Gkh7f5ZWCjs
EXAMEN DE SELECTIVIDAD 2017 RESUELTO | Qu칤mica | Valencia | Junio,https://www.youtube.com/watch?v=LW5_Wp8TbPE,LW5_Wp8TbPE
ESTEQUIOMETR칈A | calcular masas,https://www.youtube.com/watch?v=mx7yxaKMHEY,mx7yxaKMHEY
쮺U츼NTO SABES DE QU칈MICA? 30 PREGUNTAS | NIVEL 3,https://www.youtube.com/watch?v=d9vx678ETzE,d9vx678ETzE
HACIENDO ACEITE PERFUMADO DE JAZM칈N POR INFUSI칍N,https://www.youtube.com/watch?v=UgdN59i1cDA,UgdN59i1cDA
ESTUDIA QU칈MICA EN LA CUARENTENA | Descuentos y directos diarios,https://www.youtube.com/watch?v=8jlIsmX8-jo,8jlIsmX8-jo
HIDRATACI칍N DE ALQUINOS,https://www.youtube.com/watch?v=vld0Y6oMYEo,vld0Y6oMYEo
쯈U칄 ES LA QU칈MICA ANAL칈TICA?,https://www.youtube.com/watch?v=HPXmwA49UXU,HPXmwA49UXU
S칤ntesis del ester acetoac칠tico | Reacciones Org치nicas,https://www.youtube.com/watch?v=Vr-ibCFMAk4,Vr-ibCFMAk4
COMBUSTI칍N Y ESTABILIDAD DE IS칍MEROS | Qu칤mica Org치nica,https://www.youtube.com/watch?v=_Ht8jhAcpq0,_Ht8jhAcpq0
REDOX. POLVO DE COBRE | Quimicefa en v칤deo | Experimento 60,https://www.youtube.com/watch?v=HQ_lyYwYRZs,HQ_lyYwYRZs
쯈U칄 ES UNA MEZCLA RAC칄MICA?,https://www.youtube.com/watch?v=fNVlphKKP1s,fNVlphKKP1s
UNBOXING DE LABORATORIO | con Breaking Vlad,https://www.youtube.com/watch?v=2Fb_Oveoxr8,2Fb_Oveoxr8
MOL칄CULAS IMPOSIBLES,https://www.youtube.com/watch?v=SpsHS6iGE_Q,SpsHS6iGE_Q
쮺UANTO CORCHO PUEDE DISOLVER LA ACETONA?,https://www.youtube.com/watch?v=uqWgQ2woHSs,uqWgQ2woHSs
쯈U칄 ES LA QU칈MICA-F칈SICA?,https://www.youtube.com/watch?v=ANWQKATT7e8,ANWQKATT7e8
HANDBOOK OF CHEMISTRY AND PHYSICS | REVIEW EN ESPA칌OL,https://www.youtube.com/watch?v=crIXqqVH8Wg,crIXqqVH8Wg
쮺u치nto dependemos del petr칩leo? 쮿ay soluci칩n?,https://www.youtube.com/watch?v=cR_eAdtI0xk,cR_eAdtI0xk
SLIME CASERO | 쯇or qu칠 sucede?,https://www.youtube.com/watch?v=ILDx1z4gyxQ,ILDx1z4gyxQ
APRENDER QU칈MICA CON MINECRAFT,https://www.youtube.com/watch?v=dyD0MHRGNtE,dyD0MHRGNtE
HIDROGENACI칍N DE ALQUINOS,https://www.youtube.com/watch?v=Gbcmu6L1oeQ,Gbcmu6L1oeQ
Estabilidad alquenos cis trans,https://www.youtube.com/watch?v=2YHZkrrm2rc,2YHZkrrm2rc
EL F칔TBOL Y LA QU칈MICA,https://www.youtube.com/watch?v=V-Dq-Hh4KrE,V-Dq-Hh4KrE
PROBLEMAS DE EQUILIBRIO (III) Kc,https://www.youtube.com/watch?v=ZSvfL_K_kBg,ZSvfL_K_kBg
CARBONIZANDO UN BAST칍N DE AZ칔CAR,https://www.youtube.com/watch?v=xdOlgTRbuCs,xdOlgTRbuCs
ENANTI칍MEROS VS DIASTEREOIS칍MEROS | 쯈u칠 son? 쮻iferencias?,https://www.youtube.com/watch?v=_UsxTwHGwMk,_UsxTwHGwMk
쯇OR QU칄 NOS PONEMOS MORENOS?,https://www.youtube.com/watch?v=P_ER4NYy6Ts,P_ER4NYy6Ts
EXAMEN DE SELECTIVIDAD 2017 RESUELTO | Qu칤mica | Canarias | Junio,https://www.youtube.com/watch?v=vE3p0hDRg_s,vE3p0hDRg_s
CONVIRTIENDO GEL PARA GATOS EN ZEOLITA,https://www.youtube.com/watch?v=huncQrGYRmk,huncQrGYRmk
Postulado de Hammond,https://www.youtube.com/watch?v=ssRyBEIz2Uk,ssRyBEIz2Uk
쮺U츼NTO SABES DE QU칈MICA? 30 PREGUNTAS | NIVEL 2,https://www.youtube.com/watch?v=n26IUhd3k-o,n26IUhd3k-o
쯈U칄 ES LA QU칈MICA CU츼NTICA?,https://www.youtube.com/watch?v=xEwR_PWzsZk,xEwR_PWzsZk
쯈U칄 ES LA QU칈MICA ORG츼NICA?,https://www.youtube.com/watch?v=46mqud2xNas,46mqud2xNas
71 PROBLEMAS DE QU칈MICA LO M츼S R츼PIDO QUE PUEDA,https://www.youtube.com/watch?v=X7Ew7Wmmypo,X7Ew7Wmmypo
EXAMEN DE SELECTIVIDAD 2017 RESUELTO | Qu칤mica | Catalu침a | Junio,https://www.youtube.com/watch?v=WUnKQAYdxig,WUnKQAYdxig
EXAMEN DE SELECTIVIDAD 2017 RESUELTO | Qu칤mica | Extremadura | Junio,https://www.youtube.com/watch?v=8P1u7kGFK_I,8P1u7kGFK_I
CONFIGURACI칍N ELECTR칍NICA,https://www.youtube.com/watch?v=R3YVIjnKbgM,R3YVIjnKbgM
pH metro | 15 | Material de laboratorio,https://www.youtube.com/watch?v=Bs2SCqhIvvg,Bs2SCqhIvvg
COMO USAR FACTORES DE CONVERSI칍N | 2,https://www.youtube.com/watch?v=zFQHrwhFvJQ,zFQHrwhFvJQ
TRASPOSICIONES,https://www.youtube.com/watch?v=8eLDV0wVBG8,8eLDV0wVBG8
DENSIDADES Y PORCENTAJES,https://www.youtube.com/watch?v=nmBPCByXxuE,nmBPCByXxuE
REACCI칍N CON UN GAS 2 | Quimicefa en v칤deo | Experimento 100,https://www.youtube.com/watch?v=XXi6qNhTVN4,XXi6qNhTVN4
쮺칍MO SEPARAR ENANTI칍MEROS? | RESOLUCI칍N RAC칄MICA,https://www.youtube.com/watch?v=7aYNrJu6DYI,7aYNrJu6DYI
CRISTALIZAR SULFATO DE MAGNESIO | Quimicefa en v칤deo | Experimento 18,https://www.youtube.com/watch?v=DEr7VeUDnyo,DEr7VeUDnyo
쯈UIERES AYUDAR AL CANAL? | PATREON,https://www.youtube.com/watch?v=cO78JQb_IP8,cO78JQb_IP8
CRISTALIZACI칍N LENTA DE SULFATO DE MAGNESIO | Quimicefa en v칤deo | Experimento 19,https://www.youtube.com/watch?v=e7IvcUKidX8,e7IvcUKidX8
5 PROBLEMAS DE ESTEREOQUIMICA RESUELTOS,https://www.youtube.com/watch?v=M5RFH8DMXmU,M5RFH8DMXmU
EL JUEGO INTERACTIVO DE LAS VALENCIAS | NIVEL 2,https://www.youtube.com/watch?v=a1QRJz2mtI4,a1QRJz2mtI4
CONFIGURACION ELECTRONICA Y PROPIEDADES QUIMICAS | 12 | Ejercicios de qu칤mica resueltos,https://www.youtube.com/watch?v=PW11eEMibkM,PW11eEMibkM
DIHIDROXILACION DE ALQUENOS,https://www.youtube.com/watch?v=zCxwDvqmxyY,zCxwDvqmxyY
NOTACI칍N CIENT칈FICA,https://www.youtube.com/watch?v=rNaJhDrFH9E,rNaJhDrFH9E
POLIMERIZACI칍N CATI칍NICA,https://www.youtube.com/watch?v=Lv32V82gCQQ,Lv32V82gCQQ
CLASIFICAR ELEMENTOS POR PROPIEDADES | 10 | Ejercicio de qu칤mica resuelto,https://www.youtube.com/watch?v=cEqj1DS9X3Q,cEqj1DS9X3Q
ALQUINOS | ESTRUCTURA Y PROPIEDADES,https://www.youtube.com/watch?v=7n-sFqotLjQ,7n-sFqotLjQ
CURSOS INTENSIVOS ONLINE DE SELECTIVIDAD,https://www.youtube.com/watch?v=RlBEP_6fCGU,RlBEP_6fCGU
EXAMEN DE SELECTIVIDAD 2017 RESUELTO | Qu칤mica | Navarra | Junio,https://www.youtube.com/watch?v=tOYTGRB1plY,tOYTGRB1plY
MOL칄CULA DEL D칈A | Sal de Rochelle | #2,https://www.youtube.com/watch?v=diZCKXWRKns,diZCKXWRKns
쯈U칄 ES LA QU칈MICA?,https://www.youtube.com/watch?v=EF1Oifgbfqs,EF1Oifgbfqs
POLIMERIZACI칍N RADICALARIA,https://www.youtube.com/watch?v=IXcp8gl-vhk,IXcp8gl-vhk
CALCULO DE ENTALP칈A A PARTIR DE ENTALP칈AS DE FORMACI칍N,https://www.youtube.com/watch?v=l_rjjntnBrA,l_rjjntnBrA
PAU QUIMICA | EXAMEN DE SELECTIVIDAD RESUELTO | Ex. 2,https://www.youtube.com/watch?v=nTRPC7YohhU,nTRPC7YohhU
PASAR DE GRAMOS A MOLES A VOLUMEN | Estequiometr칤a,https://www.youtube.com/watch?v=L3--P4nixGU,L3--P4nixGU
SOLUBILIDAD | Quimicefa en v칤deo | Experimento 9,https://www.youtube.com/watch?v=gsdUWfelHfQ,gsdUWfelHfQ
VALENCIAS Y CONFIGURACION ELECTRONICA | 16 | Ejercicios de qu칤mica resueltos,https://www.youtube.com/watch?v=KweTGuhN3Ys,KweTGuhN3Ys
C츼LCULOS CON DISOLUCIONES,https://www.youtube.com/watch?v=GeQ6RZkBWcY,GeQ6RZkBWcY
DISOLUCI칍N SATURADA Y CRISTALIZACI칍N | Quimicefa en v칤deo | Experimento 12,https://www.youtube.com/watch?v=mcl9LMy3xNc,mcl9LMy3xNc
NEUTRALIZACI칍N 츼CIDO-BASE | Quimicefa en v칤deo | Experimento 78,https://www.youtube.com/watch?v=veXY3g_jRhw,veXY3g_jRhw
쮺OMO AJUSTAR UNA REACCI칍N QU칈MICA? | AJUSTE POR TANTEO | 10 ejemplos,https://www.youtube.com/watch?v=U1YMpFtlrA8,U1YMpFtlrA8
BROMACI칍N AL칈LICA | Qu칤mica org치nica,https://www.youtube.com/watch?v=fQ5biNfq2iY,fQ5biNfq2iY
REDONDEAR ESQUINAS DE VIDRIO | Quimicefa en v칤deo | Experimento 2,https://www.youtube.com/watch?v=7dChKJ09Ubg,7dChKJ09Ubg
PRECIPITACI칍N | Quimicefa en v칤deo | Experimento 49,https://www.youtube.com/watch?v=qGYVpjPGYUo,qGYVpjPGYUo
CURSO DE APOYO ESCOLAR DE BIOLOG칈A 2021-2022,https://www.youtube.com/watch?v=3gH_G29pT9w,3gH_G29pT9w
EXAMEN DE SELECTIVIDAD 2017 RESUELTO | Qu칤mica | Murcia | Junio,https://www.youtube.com/watch?v=ngGPXyw2Mdg,ngGPXyw2Mdg
LAVAR UN FILTRADO | Quimicefa en v칤deo | Experimento 51,https://www.youtube.com/watch?v=woGBVKkMJB0,woGBVKkMJB0
POLIMERIZACI칍N ANI칍NICA,https://www.youtube.com/watch?v=jo01yd-84dI,jo01yd-84dI
LA QU칈MICA TRAS EL AMOR,https://www.youtube.com/watch?v=XDfSI1_x7C0,XDfSI1_x7C0
EXAMENES RESUELTOS SELECTIVIDAD 2017 COMPLETOS | Presentaci칩n,https://www.youtube.com/watch?v=n9eMI_QjcKU,n9eMI_QjcKU
COMPARAR DISTANCIAS DE ENLACE | 17 | Ejercicios de qu칤mica resueltos,https://www.youtube.com/watch?v=hDfO1ZXuzD8,hDfO1ZXuzD8
쯈u칠 imagen ha generado Breaking Bad de la qu칤mica? | Breaking Podcast,https://www.youtube.com/watch?v=X-fyq_H_yjk,X-fyq_H_yjk
ADICION DE HALUROS DE HIDR칍GENO A ALQUINOS,https://www.youtube.com/watch?v=5KeDQbBPSmY,5KeDQbBPSmY
SISTEMAS 2X2 | M칄TODO DE SUSTITUCI칍N | EJEMPLOS RESUELTOS | Matem치ticas,https://www.youtube.com/watch?v=bxNrpPdxGfE,bxNrpPdxGfE
FORMACI칍N DE ACETILUROS | Alquinos,https://www.youtube.com/watch?v=toBvlX0GT-A,toBvlX0GT-A
ADICION DE HALOGENOS A ALQUINOS,https://www.youtube.com/watch?v=6n-trPF0mDA,6n-trPF0mDA
TAMA칌O DE PART칈CULA Y VELOCIDAD DE DISOLUCI칍N | Quimicefa en v칤deo | Experimento 15,https://www.youtube.com/watch?v=LSX0kIXlCks,LSX0kIXlCks
NEUTRALIZACI칍N CON INDICADOR | Quimicefa en v칤deo | Experimento 83,https://www.youtube.com/watch?v=wICZonnv_bY,wICZonnv_bY
ALQUILACI칍N DE ACETILUROS | Alquinos,https://www.youtube.com/watch?v=xsdT2poQNHM,xsdT2poQNHM
쯊E GUSTAR칈A SER MIEMBRO DE BREAKING VLAD?,https://www.youtube.com/watch?v=q-KZVcET7do,q-KZVcET7do
CLASES PARTICULARES ONLINE EN TODO EL MUNDO,https://www.youtube.com/watch?v=ZtCiIWH4hCc,ZtCiIWH4hCc
COMO TRABAJAR EL VIDRIO | 1 | Quimicefa en v칤deo,https://www.youtube.com/watch?v=uj2LayWQ3Kg,uj2LayWQ3Kg
COMO USAR FACTORES DE CONVERSI칍N | Problema Pr치ctico,https://www.youtube.com/watch?v=d7s2jjTp4n8,d7s2jjTp4n8
EXAMEN DE SELECTIVIDAD 2017 RESUELTO | Qu칤mica | Galicia | Junio,https://www.youtube.com/watch?v=5UHjipqnubs,5UHjipqnubs
CICLOPROPANACI칍N DE ALQUENOS | CARBENOS,https://www.youtube.com/watch?v=GHW0hXKmIPU,GHW0hXKmIPU
CONCURSO | Expl칤came algo que yo no sepa #BreakingLab,https://www.youtube.com/watch?v=UkDoHy-PcaQ,UkDoHy-PcaQ
SEPARACI칍N DE L칈QUIDOS INMISCIBLES | Quimicefa en v칤deo | Experimento 7,https://www.youtube.com/watch?v=GBsRZeqbupE,GBsRZeqbupE
쯇ORQU칄 EL FUEGO EMITE LUZ? | #CienciaDelDiaADia,https://www.youtube.com/watch?v=B3FUyeq4uNU,B3FUyeq4uNU
D칈A DE LA CIENCIA | 15 de noviembre | San Alberto Magno,https://www.youtube.com/watch?v=JaGweZtscPc,JaGweZtscPc
3 DE CIENCIAS | 1x01 | PSEUDOCIENCIAS,https://www.youtube.com/watch?v=hMOjkI99EMU,hMOjkI99EMU
SORTEAZO | 4 x 1 A칌O GRATIS de Academia de Qu칤mica Online,https://www.youtube.com/watch?v=wSTYpcs_Ro8,wSTYpcs_Ro8
CARBONIZACI칍N DEL AZ칔CAR | Quimicefa en v칤deo | Experimento 23,https://www.youtube.com/watch?v=hJTr3_zLkfM,hJTr3_zLkfM
OFRECEMOS CLASES PARTICULARES DE CIENCIAS,https://www.youtube.com/watch?v=rUNg8G8u8RY,rUNg8G8u8RY
MET츼TESIS DE ALQUENOS,https://www.youtube.com/watch?v=dbn--XOQsXo,dbn--XOQsXo
VELOCIDAD MEDIA Y M칍DULO DE LA VELOCIDAD | TEOR칈A Y PROBLEMAS | F칤sica b치sica,https://www.youtube.com/watch?v=SoI6ZGjLrgQ,SoI6ZGjLrgQ
EXAMEN DE SELECTIVIDAD 2017 RESUELTO | Qu칤mica | La Rioja | Junio,https://www.youtube.com/watch?v=4wHGLO6fBOo,4wHGLO6fBOo
CURSO DE APOYO ESCOLAR DE QU칈MICA 2021-2022,https://www.youtube.com/watch?v=JR9OMoMBHLg,JR9OMoMBHLg
C츼LCULOS CON LIMITANTE Y EXCESO,https://www.youtube.com/watch?v=UwFNa82ypyE,UwFNa82ypyE
쯇or qu칠 decidimos estudiar qu칤mica? | Breaking Podcast | ft. Nuria Ruiz,https://www.youtube.com/watch?v=A1_msbhjY9A,A1_msbhjY9A
HIDROBORACI칍N DE ALQUINOS,https://www.youtube.com/watch?v=QJ--VAd0Y3k,QJ--VAd0Y3k
"POSICI칍N, DESPLAZAMIENTO Y RECORRIDO | F칤sica b치sica",https://www.youtube.com/watch?v=I8IyqF8Fh0M,I8IyqF8Fh0M
ELIMINACION DE DIHALOALCANOS | preparaci칩n de alquinos,https://www.youtube.com/watch?v=G-AVR7xTJIs,G-AVR7xTJIs
ESTABILIDAD RELATIVA DE ALQUENOS,https://www.youtube.com/watch?v=PsEbAyVD0lc,PsEbAyVD0lc
OXIDO DE COBRE | Quimicefa en v칤deo | Experimento 30,https://www.youtube.com/watch?v=Wvw4JROWeLc,Wvw4JROWeLc
SISTEMAS 3X3 | M칄TODO GAUSS | EJEMPLOS RESUELTOS | Matem치ticas,https://www.youtube.com/watch?v=b1ZliGRuPc4,b1ZliGRuPc4
SISTEMAS 2X2 | M칄TODO DE IGUALACI칍N | EJEMPLOS RESUELTOS | Matem치ticas,https://www.youtube.com/watch?v=NYJxi-I-hi0,NYJxi-I-hi0
EXAMEN DE SELECTIVIDAD 2017 RESUELTO | Qu칤mica | Pa칤s Vasco | Junio,https://www.youtube.com/watch?v=4CBeI13Q4Uo,4CBeI13Q4Uo
Condensacion Acilo칤nica | Reacciones Org치nicas,https://www.youtube.com/watch?v=t9HANnenjQQ,t9HANnenjQQ
CONFIGURACI칍N ELECTR칍NICA | 7 | Ejercicio de qu칤mica resuelto,https://www.youtube.com/watch?v=YIJydV5SlzI,YIJydV5SlzI
BREAKING VLAD 2019,https://www.youtube.com/watch?v=8fjenMbhHdE,8fjenMbhHdE
游꿚EL TRAP DE LA TABLA PERI칍DICA游꿚| Todos los elementos,https://www.youtube.com/watch?v=9b6JEsjEv-Y,9b6JEsjEv-Y
PAU QUIMICA | EXAMEN DE SELECTIVIDAD RESUELTO | Ex. 3,https://www.youtube.com/watch?v=ocsLHilRSQY,ocsLHilRSQY
Ciencia Clip 2019,https://www.youtube.com/watch?v=hq0tvSrTo6s,hq0tvSrTo6s
ESTEQUIOMETR칈A | c치lculos con rendimientos,https://www.youtube.com/watch?v=cXaLLcGoh5s,cXaLLcGoh5s
쯇ORQU칄 ESTUDI칄 QU칈MICA? + EXPERIMENTOS (nueva secci칩n),https://www.youtube.com/watch?v=n-pSctIP25w,n-pSctIP25w
CURIOSIDADES DEL AGUA | #CienciaDelDiaADia,https://www.youtube.com/watch?v=CHME_6Y6dN8,CHME_6Y6dN8
AHORA TUTELAMOS TFG Y TFM | Academia Breaking Vlad,https://www.youtube.com/watch?v=dFzmVG55GwE,dFzmVG55GwE
DESTILACI칍N | Quimicefa en v칤deo | Experimento 54,https://www.youtube.com/watch?v=h89BAqc19w0,h89BAqc19w0
EXAMEN DE SELECTIVIDAD 2017 RESUELTO | Qu칤mica | Castilla la mancha | Junio,https://www.youtube.com/watch?v=G5bykOPCbkU,G5bykOPCbkU
CRISTALIZACI칍N | Quimicefa en v칤deo | Experimento 11,https://www.youtube.com/watch?v=qELQNwtNskc,qELQNwtNskc
Volvemos al colegio | Academia de qu칤mica online | 20% DESCUENTO,https://www.youtube.com/watch?v=EZ6Gl_AKBDs,EZ6Gl_AKBDs
1 MES GRATIS DE ACADEMIA | Vuestro regalo de navidad,https://www.youtube.com/watch?v=V-A6BuFMnhQ,V-A6BuFMnhQ
SISTEMAS 3X3 | M칄TODO DE GAUSS-JORDAN | EJEMPLOS RESUELTOS,https://www.youtube.com/watch?v=7zHCkt5ouCg,7zHCkt5ouCg
BREAKING VLAD | 2018,https://www.youtube.com/watch?v=4wfJIFlal04,4wfJIFlal04
PAU QUIMICA | EXAMEN DE SELECTIVIDAD RESUELTO | Ex. 4,https://www.youtube.com/watch?v=rPSOT1dsGnM,rPSOT1dsGnM
Breaking Podcast #16 | Experto en nanomateriales y t칠cnicas fot칩nicas. Charlando con Joan Carvajal,https://www.youtube.com/watch?v=hIaS2oSeg8w,hIaS2oSeg8w
FILTRACI칍N Y EVAPORACI칍N | Quimicefa en v칤deo | Experimento 53,https://www.youtube.com/watch?v=J9jRUPlHGuY,J9jRUPlHGuY
Breaking Podcast #12 | Charlando con @reaccionaexplota,https://www.youtube.com/watch?v=LyS5aWq1BG4,LyS5aWq1BG4
쯤u칠 hay m치s all치 de la tesis? | Breaking Podcast,https://www.youtube.com/watch?v=ouR_hPjq67U,ouR_hPjq67U
3 DE CIENCIAS | 1x02 | EL 츼TOMO,https://www.youtube.com/watch?v=uGvXECtcSuM,uGvXECtcSuM
AGUA DE CRISTALIZACI칍N | Quimicefa en v칤deo | Experimento 21,https://www.youtube.com/watch?v=fOlkBjUDEus,fOlkBjUDEus
DOBLAR VIDRIO | Quimicefa en v칤deo | Experimento 3,https://www.youtube.com/watch?v=gTO4Tqnadkc,gTO4Tqnadkc
SISTEMAS 3X3 | M칄TODO GAUSS CON MATRICES | EJEMPLOS RESUELTOS | Matem치ticas,https://www.youtube.com/watch?v=4EzGX82_HZ8,4EzGX82_HZ8
EXAMEN DE SELECTIVIDAD 2017 RESUELTO | Qu칤mica | Cantabria | Junio,https://www.youtube.com/watch?v=_np9_6w1otE,_np9_6w1otE
ESCISI칍N OXIDATIVA DE ALQUINOS | Alquinos,https://www.youtube.com/watch?v=Ohqnowwm8I0,Ohqnowwm8I0
S칈MIL DE P칍LVORA | Quimicefa en v칤deo | Experimento 90,https://www.youtube.com/watch?v=R7wb9XVBWIU,R7wb9XVBWIU
SEPARACI칍N POR MAGNETISMO | Quimicefa en v칤deo | Experimento 8,https://www.youtube.com/watch?v=KhcfhMOULcg,KhcfhMOULcg
3 DE CIENCIAS | 1x03 | LA QUIMIOFOBIA,https://www.youtube.com/watch?v=nhhhDXIM3g4,nhhhDXIM3g4
"Breaking Podcast #18 | Captaci칩n de CO2, educaci칩n y divulgaci칩n con Anna Maria Masdeu.",https://www.youtube.com/watch?v=xfaeoMYkVc0,xfaeoMYkVc0
DIFERENCIA ENTRE ORBITALES | 9 | Ejercicio de qu칤mica resuelto,https://www.youtube.com/watch?v=OwE627X5bJk,OwE627X5bJk
REACCI칍N ALDER ENO,https://www.youtube.com/watch?v=MnvU5hqmWl0,MnvU5hqmWl0
PAU QUIMICA | EXAMEN DE SELECTIVIDAD RESUELTO | Ex. 10,https://www.youtube.com/watch?v=dMyGUeH1WiY,dMyGUeH1WiY
ESTADOS DE AGREGACI칍N | Quimicefa en v칤deo | Experimento 5,https://www.youtube.com/watch?v=vFtkw5Lx2J0,vFtkw5Lx2J0
OXIDO DE HIERRO | Quimicefa en v칤deo | Experimento 31,https://www.youtube.com/watch?v=qTOJQm4W55s,qTOJQm4W55s
Accidentes de laboratorio y seguridad | Breaking Podcast | ft. Nuria Ruiz,https://www.youtube.com/watch?v=FTMx9bv-tNQ,FTMx9bv-tNQ
LLAMA DE COLOR: COBRE | Quimicefa en v칤deo | Experimento 37,https://www.youtube.com/watch?v=fyoBIe739jI,fyoBIe739jI
Profesor nos explica su experiencia en secundaria | Breaking Podcast,https://www.youtube.com/watch?v=WXeTXz3olT8,WXeTXz3olT8
AGUA DE CRISTALIZACI칍N | Quimicefa en v칤deo | Experimento 24,https://www.youtube.com/watch?v=DhqIb1GRUY4,DhqIb1GRUY4
FILTRADO | Quimicefa en v칤deo | Experimento 50,https://www.youtube.com/watch?v=5xvNR05S9ls,5xvNR05S9ls
EXAMEN DE SELECTIVIDAD 2017 RESUELTO | Qu칤mica | Islas Baleares | Junio,https://www.youtube.com/watch?v=aw-3xfFCq-E,aw-3xfFCq-E
El meme de morder metales | Breaking Podcast | ft. @cienciadesofa,https://www.youtube.com/watch?v=H0OawscWpnc,H0OawscWpnc
EXAMEN DE SELECTIVIDAD 2017 RESUELTO | Qu칤mica | Arag칩n | Junio,https://www.youtube.com/watch?v=J3bI5W-fsJQ,J3bI5W-fsJQ
MOL칄CULA DEL D칈A | Tobramycin | #1,https://www.youtube.com/watch?v=Ga0IlcObWbo,Ga0IlcObWbo
PAU QUIMICA | EXAMEN DE SELECTIVIDAD RESUELTO | Ex. 8,https://www.youtube.com/watch?v=lvSOU_tMbaE,lvSOU_tMbaE
PAU QUIMICA | EXAMEN DE SELECTIVIDAD RESUELTO | Ex. 6,https://www.youtube.com/watch?v=2e6RM8F_7aY,2e6RM8F_7aY
CREAR PUNTAS DE VIDRIO | Quimicefa en v칤deo | Experimento 4,https://www.youtube.com/watch?v=D3MdCe3TJWE,D3MdCe3TJWE
Cual es la verdadera vocacion de Jordi Pereyra | Breaking Podcast | ft. @cienciadesofa,https://www.youtube.com/watch?v=VizN2kjq_BY,VizN2kjq_BY
Por qu칠 ciencia de sof치 empez칩 a divulgar sobre minerales | Breaking Podcast | ft. @cienciadesofa,https://www.youtube.com/watch?v=rQuWLXxDPrc,rQuWLXxDPrc
쯇or qu칠 es tan dif칤cil divulgar qu칤mica? Debate | Breaking Podcast | ft. Nuria Ruiz,https://www.youtube.com/watch?v=lm6ViwpmyMw,lm6ViwpmyMw
SUMA DE MATRICES Y SUS PROPIEDADES,https://www.youtube.com/watch?v=nbWD26bsdtY,nbWD26bsdtY
GAS NATURAL | Quimicefa en v칤deo | Experimento 39,https://www.youtube.com/watch?v=jZGv6TsNmic,jZGv6TsNmic
EXAMEN DE SELECTIVIDAD 2017 RESUELTO | Qu칤mica | Asturias | Junio,https://www.youtube.com/watch?v=2LYA6nQVuK8,2LYA6nQVuK8
PAU QUIMICA | EXAMEN DE SELECTIVIDAD RESUELTO | Ex. 5,https://www.youtube.com/watch?v=frM8UjgGRt8,frM8UjgGRt8
AGUA DE CRISTALIZACI칍N | Quimicefa en v칤deo | Experimento 20,https://www.youtube.com/watch?v=NonyZiaf93Q,NonyZiaf93Q
MRU | Movimiento Rectilineo Uniforme,https://www.youtube.com/watch?v=sUlcMZjtsH4,sUlcMZjtsH4
NEUTRALIZACI칍N 츼CIDO-BASE | Quimicefa en v칤deo | Experimento 81,https://www.youtube.com/watch?v=8v9xdV59Nas,8v9xdV59Nas
3 DE CIENCIAS | 1x06 | EL FUEGO,https://www.youtube.com/watch?v=LPnNKpjrgD0,LPnNKpjrgD0
CRISTALINO Y AMORFO | Quimicefa en v칤deo | Experimento 17,https://www.youtube.com/watch?v=RiwijdGY1VI,RiwijdGY1VI
SISTEMAS 2X2 | M칄TODO DE REDUCCI칍N | EJEMPLOS RESUELTOS | Matem치ticas,https://www.youtube.com/watch?v=ODZ5a1DmgDs,ODZ5a1DmgDs
Alumnos suspendidos en funci칩n de los likes | Breaking Podcast | Tertulia,https://www.youtube.com/watch?v=hXDIm-NLRP0,hXDIm-NLRP0
Nuestra an칠cdota infantil | Breaking Podcast | ft. @cienciadesofa,https://www.youtube.com/watch?v=G-kHgXypmoI,G-kHgXypmoI
LLAMA DE COLOR: COBRE | Quimicefa en v칤deo | Experimento 38,https://www.youtube.com/watch?v=-qazNseK-Dk,-qazNseK-Dk
Jordi Pereyra nos muestra su coleccion de minerales | Breaking Podcast | ft. @cienciadesofa,https://www.youtube.com/watch?v=TTi46uz7Pfs,TTi46uz7Pfs
La movida de pedir una beca | Breaking Podcast,https://www.youtube.com/watch?v=cC45fp2a_mg,cC45fp2a_mg
"Breaking Podcast #17 | El litio, la tecnolog칤a y su problem치tica",https://www.youtube.com/watch?v=gzHSlDN889c,gzHSlDN889c
Product Stewardship en la industria del pl치stico nos cuenta c칩mo es su trabajo | Breaking Podcast,https://www.youtube.com/watch?v=7ytBb1py0KA,7ytBb1py0KA
쯈U칄 ES LA LUZ? | #CienciaDelDiaADia,https://www.youtube.com/watch?v=wm2X4B2ADU4,wm2X4B2ADU4
PAU QUIMICA | EXAMEN DE SELECTIVIDAD RESUELTO | Ex. 9,https://www.youtube.com/watch?v=SPp9E0mvpTQ,SPp9E0mvpTQ
3 DE CIENCIAS | 1x04 | ENERGIA NUCLEAR,https://www.youtube.com/watch?v=O_TWMazxLeU,O_TWMazxLeU
3 DE CIENCIAS | 1x05 | CAT츼LISIS,https://www.youtube.com/watch?v=zJTA4lBw6no,zJTA4lBw6no
PAU QUIMICA | EXAMEN DE SELECTIVIDAD RESUELTO | Ex. 7,https://www.youtube.com/watch?v=uWWuBsa7UN4,uWWuBsa7UN4
REACCIONES ORG츼NICAS | Video informativo,https://www.youtube.com/watch?v=DS356-ZPb1U,DS356-ZPb1U
CALCINACI칍N | Quimicefa en v칤deo | Experimento 73,https://www.youtube.com/watch?v=BEuRCM7BKBI,BEuRCM7BKBI
Breaking Podcast #13 | El hidr칩geno y sus movidas,https://www.youtube.com/watch?v=fXiDoxSgvF4,fXiDoxSgvF4
reciclar elementos y debate sobre tecnologia | Breaking Podcast | ft. @cienciadesofa,https://www.youtube.com/watch?v=AKH1XPTwkW4,AKH1XPTwkW4
PAPEL INDICADOR DE PH | Quimicefa en v칤deo | Experimento 65,https://www.youtube.com/watch?v=iuLGlF9SzxE,iuLGlF9SzxE
SOLUBILIDAD EN OTROS DISOLVENTES | Quimicefa en v칤deo | Experimento 13,https://www.youtube.com/watch?v=Ib1tC5m1ijI,Ib1tC5m1ijI
Breaking Podcast #15 | Helio y temas de actualidad,https://www.youtube.com/watch?v=5cSAN2pK7sg,5cSAN2pK7sg
PRECIPITACION. Al(OH)3 | Quimicefa en v칤deo | Experimento 58,https://www.youtube.com/watch?v=_RejEIl6Ahg,_RejEIl6Ahg
SOLUBILIDAD EN OTROS DISOLVENTES | Quimicefa en v칤deo | Experimento 14,https://www.youtube.com/watch?v=GGpn9uCvxyA,GGpn9uCvxyA
CRISTALIZACI칍N | Quimicefa en v칤deo | Experimento 15,https://www.youtube.com/watch?v=rpY8M_g6YwE,rpY8M_g6YwE
쯉e puede vivir de divulgar? | Breaking Podcast | ft. @cienciadesofa,https://www.youtube.com/watch?v=5k4J_QKrBes,5k4J_QKrBes
쮺칩mo combinan la qu칤mica y la literatura? | Breaking Podcast | ft. Nuria Ruiz,https://www.youtube.com/watch?v=Bfin58QoFsQ,Bfin58QoFsQ
칍XIDO + 츼CIDO | Quimicefa en v칤deo | Experimento 74,https://www.youtube.com/watch?v=LyohTkYDJPI,LyohTkYDJPI
REACCIONAR CON UN GAS | Quimicefa en v칤deo | Experimento 99,https://www.youtube.com/watch?v=JiLiEv4nOp8,JiLiEv4nOp8
AGUA DE CRISTALIZACI칍N | Quimicefa en v칤deo | Experimento 25,https://www.youtube.com/watch?v=2T610jOximQ,2T610jOximQ
Breaking Podcast #14 | Charlando con Victor Molina,https://www.youtube.com/watch?v=qgNjniZDUt4,qgNjniZDUt4
REDOX. PRODUCIR HIDROGENO | Quimicefa en v칤deo | Experimento 61,https://www.youtube.com/watch?v=1Av-fHa1Gzk,1Av-fHa1Gzk
PRECIPITACI칍N. Mn(OH)2 | Quimicefa en v칤deo | Experimento 56,https://www.youtube.com/watch?v=XVvIzBVK6zw,XVvIzBVK6zw
CARBONIZACI칍N | Quimicefa en v칤deo | Experimento 29,https://www.youtube.com/watch?v=wIa6Ow-p1WQ,wIa6Ow-p1WQ
TARTRATO DE SODIO | Quimicefa en v칤deo | Experimento 84,https://www.youtube.com/watch?v=I4dMw_OGMaM,I4dMw_OGMaM
GENERAR OX칈GENO | Quimicefa en v칤deo | Experimento 96,https://www.youtube.com/watch?v=8xUPyGJskTc,8xUPyGJskTc
Que es lo mejor y lo peor de divulgar | Breaking Podcast | ft. @cienciadesofa,https://www.youtube.com/watch?v=Ze5T4sDrA6o,Ze5T4sDrA6o
C칩mo motivar a los nuevos estudiantes a divulgar | Breaking Podcast | ft. Nuria Ruiz,https://www.youtube.com/watch?v=x_qAIhiCpfw,x_qAIhiCpfw
COMBUSTI칍N Y CO2 | Quimicefa en v칤deo | Experimento 97,https://www.youtube.com/watch?v=VQ8EWt5tuxI,VQ8EWt5tuxI
ACIDIFICAR SOPLANDO | Quimicefa en v칤deo | Experimento 85,https://www.youtube.com/watch?v=xUw664Upgso,xUw664Upgso
CARBONATO + 츼CIDO | Quimicefa en v칤deo | Experimento 75,https://www.youtube.com/watch?v=KCMPlh3D-UU,KCMPlh3D-UU
AGUA DE CRISTALIZACI칍N | Quimicefa en v칤deo | Experimento 22,https://www.youtube.com/watch?v=o0ybth6iQcQ,o0ybth6iQcQ
SEPARACI칍N POR EVAPORACI칍N | Quimicefa en v칤deo | Experimento 52,https://www.youtube.com/watch?v=qWFbZhLtCw0,qWFbZhLtCw0
쮺칩mo ha vivido una profesora universitaria la pandemia? | Breaking Podcast | ft. Nuria Ruiz,https://www.youtube.com/watch?v=M-YsxNEykUQ,M-YsxNEykUQ
MENSAJE QU칈MICO SECRETO | Quimicefa en v칤deo | Experimento 27,https://www.youtube.com/watch?v=to-lUVjIHKo,to-lUVjIHKo
Trabajo de fin de grado pionero en divulgaci칩n | Breaking Podcast | ft. Nuria Ruiz,https://www.youtube.com/watch?v=ABLh4Zgwcy8,ABLh4Zgwcy8
CO2 DE LA COMBUSTI칍N | Quimicefa en v칤deo | Experimento 41,https://www.youtube.com/watch?v=-Ff2DSUR9pk,-Ff2DSUR9pk
Breaking Podcast # 22 | Charlando con un divulgador profesional. Pablofiftin,https://www.youtube.com/watch?v=EVgMQdlqCGw,EVgMQdlqCGw
SEPARACI칍N POR FILTRACI칍N | Quimicefa en v칤deo | Experimento 45,https://www.youtube.com/watch?v=rND89uQaCO8,rND89uQaCO8
Unos hackers tiran internet en toda Andorra | Breaking Podcast | Tertulia,https://www.youtube.com/watch?v=ZHkjjo1uJOo,ZHkjjo1uJOo
ACIDEZ DE PRODUCTOS CASEROS 2 | Quimicefa en v칤deo | Experimento 80,https://www.youtube.com/watch?v=SBNk4rTHu_E,SBNk4rTHu_E
REDOX. MnO2 Y O2 | Quimicefa en v칤deo | Experimento 57,https://www.youtube.com/watch?v=DU6R5Pk2hxA,DU6R5Pk2hxA
PAPEL INDICADOR DE PH | Quimicefa en v칤deo | Experimento 66,https://www.youtube.com/watch?v=CWsz13WOCs0,CWsz13WOCs0
ACIDEZ DE PRODUCTOS CASEROS | Quimicefa en v칤deo | Experimento 79,https://www.youtube.com/watch?v=lEzJmbURciI,lEzJmbURciI
VOLVEMOS A CLASE,https://www.youtube.com/watch?v=JsQa2OUTSkI,JsQa2OUTSkI
COMBUSTION CONTROLADA | Quimicefa en v칤deo | Experimento 91,https://www.youtube.com/watch?v=mV0kZlAXdfA,mV0kZlAXdfA
ELIMINAR DUREZA DEL AGUA | Quimicefa en v칤deo | Experimento 88,https://www.youtube.com/watch?v=uPSplSFzxlA,uPSplSFzxlA
MENSAJE QU칈MICO SECRETO | Quimicefa en v칤deo | Experimento 26,https://www.youtube.com/watch?v=xGQOpJLMtSI,xGQOpJLMtSI
AGUA DURA | Quimicefa en v칤deo | Experimento 86,https://www.youtube.com/watch?v=Ts1KRRkAkXQ,Ts1KRRkAkXQ
쮿a generado la pandemia m치s casos de miedo esc칠nico? Debate | Breaking Podcast | ft. Nuria Ruiz,https://www.youtube.com/watch?v=6i-fV1VuIZQ,6i-fV1VuIZQ
PAPEL INDICADOR DE PH | Quimicefa en v칤deo | Experimento 68,https://www.youtube.com/watch?v=wug1DeOPv-w,wug1DeOPv-w
AGUA BLANDA | Quimicefa en v칤deo | Experimento 87,https://www.youtube.com/watch?v=RY5qV4PtQQY,RY5qV4PtQQY
ROJO DE METILO | Quimicefa en v칤deo | Experimento 77,https://www.youtube.com/watch?v=2zjEHtVtTK0,2zjEHtVtTK0
MENSAJE QU칈MICO SECRETO CASERO | Quimicefa en v칤deo | Experimento 28,https://www.youtube.com/watch?v=w-rf9XV85mA,w-rf9XV85mA
Boomerangs y an칠cdotas varias | Breaking Podcast | Tertulia,https://www.youtube.com/watch?v=olob3gHdt1A,olob3gHdt1A
PRECIPITACI칍N Y TURBIDEZ | Quimicefa en v칤deo | Experimento 55,https://www.youtube.com/watch?v=vPzMnL5CfBs,vPzMnL5CfBs
CARBONIZAR ALGOD칍N Y LANA | Quimicefa en v칤deo | Experimento 44,https://www.youtube.com/watch?v=ETsqw5XRdsU,ETsqw5XRdsU
EXTINGUIR UNA LLAMA | Quimicefa en v칤deo | Experimento 98,https://www.youtube.com/watch?v=CdSTY0IZ1Ac,CdSTY0IZ1Ac
DISOLUCI칍N ENDOT칄RMICA | Quimicefa en v칤deo | Experimento 94,https://www.youtube.com/watch?v=ieFrBB0w0oE,ieFrBB0w0oE
REDOX. TORNILLO DE COBRE | Quimicefa en v칤deo | Experimento 59,https://www.youtube.com/watch?v=KpoaSb7D4Es,KpoaSb7D4Es
Cohete de SpaceX va a chocar contra la luna | Breaking Podcast | Tertulia,https://www.youtube.com/watch?v=XHNg0YJXDUw,XHNg0YJXDUw
LLAMA DE COLOR AMARILLO: SODIO | Quimicefa en v칤deo | Experimento 36,https://www.youtube.com/watch?v=QQP3CVgD4tE,QQP3CVgD4tE
Publicar art칤culos de literatura siendo profesora de qu칤mica | Breaking Podcast | ft. Nuria Ruiz,https://www.youtube.com/watch?v=2XDgxNjwouo,2XDgxNjwouo
SEPARACI칍N POR FILTRACI칍N | Quimicefa en v칤deo | Experimento 46,https://www.youtube.com/watch?v=IL4zPg79WQA,IL4zPg79WQA
LLAMA DE COLOR AMARILLO: SODIO | Quimicefa en v칤deo | Experimento 35,https://www.youtube.com/watch?v=srJyJDeyZPo,srJyJDeyZPo
DISOLUCI칍N ENDOT칄RMICA 2 | Quimicefa en v칤deo | Experimento 95,https://www.youtube.com/watch?v=Lkr8UX53LAc,Lkr8UX53LAc
PAPEL INDICADOR DE PH CON PRODUCTOS CASEROS | Quimicefa en v칤deo | Experimento 67,https://www.youtube.com/watch?v=PG-f60Ds06s,PG-f60Ds06s
METAL + 츼CIDO: HIDR칍GENO | Quimicefa en v칤deo | Experimento 69,https://www.youtube.com/watch?v=OURUEoTYInE,OURUEoTYInE
DOBLE FILTRADO | Quimicefa en v칤deo | Experimento 48,https://www.youtube.com/watch?v=ZDjtZGyzFbc,ZDjtZGyzFbc
DECANTACI칍N Y FILTRACI칍N | Quimicefa en v칤deo | Experimento 47,https://www.youtube.com/watch?v=HeRtzpZoIRs,HeRtzpZoIRs
PAPEL INDICADOR DE PH| Quimicefa en v칤deo | Experimento 64,https://www.youtube.com/watch?v=jxOlXhWdWlE,jxOlXhWdWlE
SUBLIMACI칍N | Quimicefa en v칤deo | Experimento 34,https://www.youtube.com/watch?v=q36E2WsojOM,q36E2WsojOM
PAPEL QUE NO ARDE | Quimicefa en v칤deo | Experimento 93,https://www.youtube.com/watch?v=GHSsIAhTBoA,GHSsIAhTBoA
PAPEL INDICADOR | Quimicefa en v칤deo | Experimento 82,https://www.youtube.com/watch?v=C0NSs1EyOqQ,C0NSs1EyOqQ
FUNDIR ALUMINIO | Quimicefa en v칤deo | Experimento 33,https://www.youtube.com/watch?v=WeIuvAz7RH0,WeIuvAz7RH0
CREACI칍N DE UNA MECHA | Quimicefa en v칤deo | Experimento 92,https://www.youtube.com/watch?v=_W8lFo17w2w,_W8lFo17w2w
HIERRO + 츼CIDO | Quimicefa en v칤deo | Experimento 71,https://www.youtube.com/watch?v=Rx06BMNp1go,Rx06BMNp1go
CATALIZADOR | Quimicefa en v칤deo | Experimento 70,https://www.youtube.com/watch?v=bduErfHay-8,bduErfHay-8
METAL AL ROJO VIVO | Quimicefa en v칤deo | Experimento 32,https://www.youtube.com/watch?v=9tk5_e6EX2U,9tk5_e6EX2U
CARBONIZAR PAN | Quimicefa en v칤deo | Experimento 43,https://www.youtube.com/watch?v=eTmzdURWIpk,eTmzdURWIpk
COBRE + 츼CIDO | Quimicefa en v칤deo | Experimento 72,https://www.youtube.com/watch?v=Ido0HOES9cU,Ido0HOES9cU
H2O DE LA COMBUSTI칍N | Quimicefa en v칤deo | Experimento 42,https://www.youtube.com/watch?v=cUJL4PJyFMg,cUJL4PJyFMg
ASFIXIAR UNA LLAMA | Quimicefa en v칤deo | Experimento 76,https://www.youtube.com/watch?v=8EB4cd8tIwo,8EB4cd8tIwo
ASFIXIAR UNA LLAMA | Quimicefa en v칤deo | Experimento 76,https://www.youtube.com/watch?v=8EB4cd8tIwo,8EB4cd8tIwo
